999
dxflib 3.17.0.0
  0
SECTION
  2
HEADER
  9
$ACADVER
  1
AC1015
  9
$HANDSEED
  5
FFFF
  9
$INSUNITS
 70
4
  9
$DIMEXE
 40
1.25
  9
$TEXTSTYLE
  7
Standard
  9
$LIMMIN
 10
0.0
 20
0.0
  0
ENDSEC
  0
SECTION
  2
TABLES
  0
TABLE
  2
VPORT
  5
8
100
AcDbSymbolTable
 70
1
  0
VPORT
  5
30
100
AcDbSymbolTableRecord
100
AcDbViewportTableRecord
  2
*Active
 70
0
 10
0.0
 20
0.0
 11
1.0
 21
1.0
 12
286.3055555555554861
 22
148.5
 13
0.0
 23
0.0
 14
10.0
 24
10.0
 15
10.0
 25
10.0
 16
0.0
 26
0.0
 36
1.0
 17
0.0
 27
0.0
 37
0.0
 40
297.0
 41
1.92798353909465
 42
50.0
 43
0.0
 44
0.0
 50
0.0
 51
0.0
 71
0
 72
100
 73
1
 74
3
 75
1
 76
1
 77
0
 78
0
281
0
 65
1
110
0.0
120
0.0
130
0.0
111
1.0
121
0.0
131
0.0
112
0.0
122
1.0
132
0.0
 79
0
146
0.0
  0
ENDTAB
  0
TABLE
  2
LTYPE
  5
5
100
AcDbSymbolTable
 70
25
  0
LTYPE
  5
14
100
AcDbSymbolTableRecord
100
AcDbLinetypeTableRecord
  2
BYBLOCK
 70
0
  3

 72
65
 73
0
 40
0.0
  0
LTYPE
  5
15
100
AcDbSymbolTableRecord
100
AcDbLinetypeTableRecord
  2
BYLAYER
 70
0
  3

 72
65
 73
0
 40
0.0
  0
LTYPE
  5
16
100
AcDbSymbolTableRecord
100
AcDbLinetypeTableRecord
  2
CONTINUOUS
 70
0
  3
Solid line
 72
65
 73
0
 40
0.0
  0
LTYPE
  5
31
100
AcDbSymbolTableRecord
100
AcDbLinetypeTableRecord
  2
ACAD_ISO02W100
 70
0
  3

 72
65
 73
0
 40
0.0
  0
LTYPE
  5
32
100
AcDbSymbolTableRecord
100
AcDbLinetypeTableRecord
  2
ACAD_ISO03W100
 70
0
  3

 72
65
 73
0
 40
0.0
  0
LTYPE
  5
33
100
AcDbSymbolTableRecord
100
AcDbLinetypeTableRecord
  2
ACAD_ISO04W100
 70
0
  3

 72
65
 73
0
 40
0.0
  0
LTYPE
  5
34
100
AcDbSymbolTableRecord
100
AcDbLinetypeTableRecord
  2
ACAD_ISO05W100
 70
0
  3

 72
65
 73
0
 40
0.0
  0
LTYPE
  5
35
100
AcDbSymbolTableRecord
100
AcDbLinetypeTableRecord
  2
BORDER
 70
0
  3

 72
65
 73
0
 40
0.0
  0
LTYPE
  5
36
100
AcDbSymbolTableRecord
100
AcDbLinetypeTableRecord
  2
BORDER2
 70
0
  3

 72
65
 73
0
 40
0.0
  0
LTYPE
  5
37
100
AcDbSymbolTableRecord
100
AcDbLinetypeTableRecord
  2
BORDERX2
 70
0
  3

 72
65
 73
0
 40
0.0
  0
LTYPE
  5
38
100
AcDbSymbolTableRecord
100
AcDbLinetypeTableRecord
  2
CENTER
 70
0
  3

 72
65
 73
0
 40
0.0
  0
LTYPE
  5
39
100
AcDbSymbolTableRecord
100
AcDbLinetypeTableRecord
  2
CENTER2
 70
0
  3

 72
65
 73
0
 40
0.0
  0
LTYPE
  5
3A
100
AcDbSymbolTableRecord
100
AcDbLinetypeTableRecord
  2
CENTERX2
 70
0
  3

 72
65
 73
0
 40
0.0
  0
LTYPE
  5
3B
100
AcDbSymbolTableRecord
100
AcDbLinetypeTableRecord
  2
DASHDOT
 70
0
  3

 72
65
 73
0
 40
0.0
  0
LTYPE
  5
3C
100
AcDbSymbolTableRecord
100
AcDbLinetypeTableRecord
  2
DASHDOT2
 70
0
  3

 72
65
 73
0
 40
0.0
  0
LTYPE
  5
3D
100
AcDbSymbolTableRecord
100
AcDbLinetypeTableRecord
  2
DASHDOTX2
 70
0
  3

 72
65
 73
0
 40
0.0
  0
LTYPE
  5
3E
100
AcDbSymbolTableRecord
100
AcDbLinetypeTableRecord
  2
DASHED
 70
0
  3

 72
65
 73
0
 40
0.0
  0
LTYPE
  5
3F
100
AcDbSymbolTableRecord
100
AcDbLinetypeTableRecord
  2
DASHED2
 70
0
  3

 72
65
 73
0
 40
0.0
  0
LTYPE
  5
40
100
AcDbSymbolTableRecord
100
AcDbLinetypeTableRecord
  2
DASHEDX2
 70
0
  3

 72
65
 73
0
 40
0.0
  0
LTYPE
  5
41
100
AcDbSymbolTableRecord
100
AcDbLinetypeTableRecord
  2
DIVIDE
 70
0
  3

 72
65
 73
0
 40
0.0
  0
LTYPE
  5
42
100
AcDbSymbolTableRecord
100
AcDbLinetypeTableRecord
  2
DIVIDE2
 70
0
  3

 72
65
 73
0
 40
0.0
  0
LTYPE
  5
43
100
AcDbSymbolTableRecord
100
AcDbLinetypeTableRecord
  2
DIVIDEX2
 70
0
  3

 72
65
 73
0
 40
0.0
  0
LTYPE
  5
44
100
AcDbSymbolTableRecord
100
AcDbLinetypeTableRecord
  2
DOT
 70
0
  3

 72
65
 73
0
 40
0.0
  0
LTYPE
  5
45
100
AcDbSymbolTableRecord
100
AcDbLinetypeTableRecord
  2
DOT2
 70
0
  3

 72
65
 73
0
 40
0.0
  0
LTYPE
  5
46
100
AcDbSymbolTableRecord
100
AcDbLinetypeTableRecord
  2
DOTX2
 70
0
  3

 72
65
 73
0
 40
0.0
  0
ENDTAB
  0
TABLE
  2
LAYER
  5
2
100
AcDbSymbolTable
 70
1
  0
LAYER
  5
10
100
AcDbSymbolTableRecord
100
AcDbLayerTableRecord
  2
0
 70
0
 62
7
420
0
  6
CONTINUOUS
390
F
  0
ENDTAB
  0
TABLE
  2
STYLE
  5
3
100
AcDbSymbolTable
 70
1
  0
STYLE
  5
47
100
AcDbSymbolTableRecord
100
AcDbTextStyleTableRecord
  2
Standard
 70
0
 40
2.5
 41
1.0
 50
0.0
 71
0
 42
2.5
  3

  4

1001
ACAD
1000
txt
1071
0
  0
ENDTAB
  0
TABLE
  2
VIEW
  5
6
100
AcDbSymbolTable
 70
0
  0
ENDTAB
  0
TABLE
  2
UCS
  5
7
100
AcDbSymbolTable
 70
0
  0
ENDTAB
  0
TABLE
  2
APPID
  5
9
100
AcDbSymbolTable
 70
1
  0
APPID
  5
12
100
AcDbSymbolTableRecord
100
AcDbRegAppTableRecord
  2
ACAD
 70
0
 70
0
  0
ENDTAB
  0
TABLE
  2
DIMSTYLE
  5
A
100
AcDbSymbolTable
 70
1
100
AcDbDimStyleTable
 71
0
  0
DIMSTYLE
105
27
100
AcDbSymbolTableRecord
100
AcDbDimStyleTableRecord
  2
Standard
 41
1.0
 42
1.0
 43
3.75
 44
1.0
 70
0
 73
0
 74
0
 77
1
 78
8
140
1.0
141
2.5
143
0.03937007874016
147
1.0
171
3
172
1
271
2
272
2
274
3
278
44
283
0
284
8
340
47
  0
ENDTAB
  0
TABLE
  2
BLOCK_RECORD
  5
1
100
AcDbSymbolTable
 70
1
  0
BLOCK_RECORD
  5
1F
100
AcDbSymbolTableRecord
100
AcDbBlockTableRecord
  2
*Model_Space
340
22
  0
BLOCK_RECORD
  5
1B
100
AcDbSymbolTableRecord
100
AcDbBlockTableRecord
  2
*Paper_Space
340
1E
  0
BLOCK_RECORD
  5
23
100
AcDbSymbolTableRecord
100
AcDbBlockTableRecord
  2
*Paper_Space0
340
26
  0
BLOCK_RECORD
  5
48
100
AcDbSymbolTableRecord
100
AcDbBlockTableRecord
  2
myblock1
340
0
  0
BLOCK_RECORD
  5
49
100
AcDbSymbolTableRecord
100
AcDbBlockTableRecord
  2
myblock2
340
0
  0
ENDTAB
  0
ENDSEC
  0
SECTION
  2
BLOCKS
  0
BLOCK
  5
20
100
AcDbEntity
  8
0
100
AcDbBlockBegin
  2
*Model_Space
 70
0
 10
0.0
 20
0.0
 30
0.0
  3
*Model_Space
  1

  0
ENDBLK
  5
21
100
AcDbEntity
  8
0
100
AcDbBlockEnd
  0
BLOCK
  5
1C
100
AcDbEntity
 67
1
  8
0
100
AcDbBlockBegin
  2
*Paper_Space
 70
0
 10
0.0
 20
0.0
 30
0.0
  3
*Paper_Space
  1

  0
ENDBLK
  5
1D
100
AcDbEntity
 67
1
  8
0
100
AcDbBlockEnd
  0
BLOCK
  5
24
100
AcDbEntity
  8
0
100
AcDbBlockBegin
  2
*Paper_Space0
 70
0
 10
0.0
 20
0.0
 30
0.0
  3
*Paper_Space0
  1

  0
ENDBLK
  5
25
100
AcDbEntity
  8
0
100
AcDbBlockEnd
  0
BLOCK
  5
4A
100
AcDbEntity
  8
0
100
AcDbBlockBegin
  2
myblock1
 70
0
 10
0.0
 20
0.0
 30
0.0
  3
myblock1
  1

  0
ENDBLK
  5
4B
100
AcDbEntity
  8
0
100
AcDbBlockEnd
  0
BLOCK
  5
4C
100
AcDbEntity
  8
0
100
AcDbBlockBegin
  2
myblock2
 70
0
 10
0.0
 20
0.0
 30
0.0
  3
myblock2
  1

  0
ENDBLK
  5
4D
100
AcDbEntity
  8
0
100
AcDbBlockEnd
  0
ENDSEC
  0
SECTION
  2
ENTITIES
  0
LWPOLYLINE
  5
4E
100
AcDbEntity
  8
0
 62
7
420
0
370
-1
 48
1.0
  6
CONTINUOUS
100
AcDbPolyline
 90
518
 70
0
 10
64.125
 20
312.7449954223629902
 30
0.0
 10
64.1262272322916544
 20
312.9388683666362567
 30
0.0
 10
64.1298991116879051
 20
313.1321521672742847
 30
0.0
 10
64.1360009119707684
 20
313.3248320980590051
 30
0.0
 10
64.1445179069222604
 20
313.5168934327724628
 30
0.0
 10
64.1554353703243407
 20
313.7083214451967024
 30
0.0
 10
64.1687385759589972
 20
313.899101409113598
 30
0.0
 10
64.1844127976081609
 20
314.0892185983052514
 30
0.0
 10
64.2024433090539333
 20
314.2786582865535365
 30
0.0
 10
64.2228153840782454
 20
314.4674057476405551
 30
0.0
 10
64.2455142964631136
 20
314.6554462553481812
 30
0.0
 10
64.2705253199904689
 20
314.8427650834584597
 30
0.0
 10
64.2978337284423276
 20
315.0293475057534351
 30
0.0
 10
64.3274247956007343
 20
315.2151787960149818
 30
0.0
 10
64.3592837952475634
 20
315.4002442280252012
 30
0.0
 10
64.3933960011649162
 20
315.5845290755660244
 30
0.0
 10
64.429746687134724
 20
315.7680186124193824
 30
0.0
 10
64.4683211269389744
 20
315.9506981123673768
 30
0.0
 10
64.5091045943596839
 20
316.1325528491919954
 30
0.0
 10
64.5520823631788403
 20
316.3135680966751124
 30
0.0
 10
64.5972397071784314
 20
316.4937291285988294
 30
0.0
 10
64.6445619001403884
 20
316.6730212187450775
 30
0.0
 10
64.6940342158467843
 20
316.8514296408959012
 30
0.0
 10
64.7456419280795785
 20
317.0289396688331749
 30
0.0
 10
64.799370310620759
 20
317.205536576339
 30
0.0
 10
64.8552046372522852
 20
317.3812056371953645
 30
0.0
 10
64.913130181756145
 20
317.5559321251841425
 30
0.0
 10
64.9731322179143831
 20
317.7297013140874924
 30
0.0
 10
65.0351960195090157
 20
317.9024984776872316
 30
0.0
 10
65.0993068603219456
 20
318.0743088897654616
 30
0.0
 10
65.1654500141351605
 20
318.2451178241041134
 30
0.0
 10
65.2336107547306767
 20
318.4149105544852318
 30
0.0
 10
65.3037743558904822
 20
318.5836723546907479
 30
0.0
 10
65.3759260913965932
 20
318.7513884985027062
 30
0.0
 10
65.4500512350309407
 20
318.9180442597030947
 30
0.0
 10
65.5261350605755979
 20
319.0836249120737875
 30
0.0
 10
65.6041628418124674
 20
319.2481157293969432
 30
0.0
 10
65.6841198525235939
 20
319.4115019854544926
 30
0.0
 10
65.7659913664909368
 20
319.57376895402831
 30
0.0
 10
65.8497626574965125
 20
319.7349019089005537
 30
0.0
 10
65.9354189993223088
 20
319.8948861238530981
 30
0.0
 10
66.0229456657502567
 20
320.0537068726679877
 30
0.0
 10
66.1123279305624294
 20
320.2113494291271536
 30
0.0
 10
66.2035510675407579
 20
320.3677990670126974
 30
0.0
 10
66.2966003504672585
 20
320.5230410601064932
 30
0.0
 10
66.3914610531238623
 20
320.6770606821905858
 30
0.0
 10
66.4881184492926707
 20
320.8298432070469062
 30
0.0
 10
66.5865578127555864
 20
320.9813739084575559
 30
0.0
 10
66.6867644172946257
 20
321.1316380602044092
 30
0.0
 10
66.7887235366918048
 20
321.2806209360695675
 30
0.0
 10
66.8924204447290265
 20
321.4283078098349051
 30
0.0
 10
66.9978404151883353
 20
321.5746839552824667
 30
0.0
 10
67.1049687218517477
 20
321.7197346461941834
 30
0.0
 10
67.2137906385012229
 20
321.8634451563521566
 30
0.0
 10
67.324291438918749
 20
322.0058007595383174
 30
0.0
 10
67.4364563968863422
 20
322.1467867295346537
 30
0.0
 10
67.5502707861859335
 20
322.2863883401231533
 30
0.0
 10
67.6657198805995392
 20
322.4245908650858041
 30
0.0
 10
67.7827889539091757
 20
322.5613795782045941
 30
0.0
 10
67.9014632798968023
 20
322.6967397532615109
 30
0.0
 10
68.0217281323444354
 20
322.8306566640385427
 30
0.0
 10
68.1435687850340344
 20
322.9631155843176771
 30
0.0
 10
68.2669705117475871
 20
323.0941017878809589
 30
0.0
 10
68.3919185862670815
 20
323.2236005485102623
 30
0.0
 10
68.5183982823745907
 20
323.3515971399876889
 30
0.0
 10
68.6463948738520173
 20
323.4780768360951697
 30
0.0
 10
68.7758936344813208
 20
323.6030249106146925
 30
0.0
 10
68.9068798380445457
 20
323.7264266373282453
 30
0.0
 10
69.0393387583236802
 20
323.8482672900178727
 30
0.0
 10
69.1732556691007119
 20
323.9685321424655058
 30
0.0
 10
69.3086158441576288
 20
324.0872064684531324
 30
0.0
 10
69.4454045572763903
 20
324.2042755417627973
 30
0.0
 10
69.5836070822390411
 20
324.3197246361764314
 30
0.0
 10
69.7232086928275407
 20
324.4335390254760796
 30
0.0
 10
69.8641946628238486
 20
324.5457039834436728
 30
0.0
 10
70.006550266009981
 20
324.6562047838611988
 30
0.0
 10
70.1502607761679542
 20
324.7650267005107025
 30
0.0
 10
70.2953114670797277
 20
324.8721550071741149
 30
0.0
 10
70.4416876125272609
 20
324.9775749776334806
 30
0.0
 10
70.5893744862926269
 20
325.0812718856706738
 30
0.0
 10
70.7383573621577284
 20
325.1832310050678529
 30
0.0
 10
70.8886215139045817
 20
325.2834376096069491
 30
0.0
 10
71.040152215315203
 20
325.3818769730698364
 30
0.0
 10
71.1929347401715233
 20
325.4785343692386732
 30
0.0
 10
71.3469543622556159
 20
325.5733950718953338
 30
0.0
 10
71.5021963553494402
 20
325.666444354821806
 30
0.0
 10
71.6586459932349271
 20
325.7576674918001913
 30
0.0
 10
71.8162885496941215
 20
325.847049756612364
 30
0.0
 10
71.9751092985090395
 20
325.934576423040312
 30
0.0
 10
72.1350935134616407
 20
326.0202327648661367
 30
0.0
 10
72.296226468333856
 20
326.1040040558716555
 30
0.0
 10
72.4584934369077303
 20
326.1858755698390269
 30
0.0
 10
72.6218796929652513
 20
326.2658325805501818
 30
0.0
 10
72.7863705102883785
 20
326.3438603617871081
 30
0.0
 10
72.9519511626591566
 20
326.4199441873317369
 30
0.0
 10
73.1186069238594882
 20
326.4940693309661697
 30
0.0
 10
73.2863230676714466
 20
326.5662210664722807
 30
0.0
 10
73.4550848678769626
 20
326.6363846676321145
 30
0.0
 10
73.624877598258081
 20
326.7045454082276024
 30
0.0
 10
73.7956865325967613
 20
326.7706885620408457
 30
0.0
 10
73.9674969446750197
 20
326.8347994028537755
 30
0.0
 10
74.1402941082747873
 20
326.8968632044483797
 30
0.0
 10
74.3140632971780803
 20
326.9568652406065894
 30
0.0
 10
74.4887897851669436
 20
327.014790785110506
 30
0.0
 10
74.6644588460233081
 20
327.0706251117420607
 30
0.0
 10
74.8410557535291616
 20
327.1243534942832412
 30
0.0
 10
75.0185657814664921
 20
327.1759612065160354
 30
0.0
 10
75.1969742036172875
 20
327.2254335222224881
 30
0.0
 10
75.3762662937635639
 20
327.2727557151844735
 30
0.0
 10
75.5564273256873093
 20
327.3179130591840362
 30
0.0
 10
75.7374425731704548
 20
327.360890828003221
 30
0.0
 10
75.919297309995045
 20
327.4016742954239589
 30
0.0
 10
76.1019768099430962
 20
327.440248735228181
 30
0.0
 10
76.2854663467965395
 20
327.4765994211979887
 30
0.0
 10
76.4697511943373343
 20
327.51071162711537
 30
0.0
 10
76.6548166263475821
 20
327.5425706267622559
 30
0.0
 10
76.8406479166091856
 20
327.5721616939206342
 30
0.0
 10
77.0272303389041326
 20
327.5994701023724929
 30
0.0
 10
77.2145491670144679
 20
327.6244811258998766
 30
0.0
 10
77.4025896747221509
 20
327.6471800382847164
 30
0.0
 10
77.5913371358091695
 20
327.6675521133090569
 30
0.0
 10
77.7807768240575115
 20
327.6855826247548293
 30
0.0
 10
77.9708940132491364
 20
327.7012568464040214
 30
0.0
 10
78.1616739771660889
 20
327.7145600520386779
 30
0.0
 10
78.3531019895903285
 20
327.7254775154407298
 30
0.0
 10
78.5451633243038714
 20
327.7339945103922219
 30
0.0
 10
78.7378432550886487
 20
327.7400963106750851
 30
0.0
 10
78.9311270557267051
 20
327.7437681900713642
 30
0.0
 10
79.125
 20
327.7449954223629902
 30
0.0
 10
387.125
 20
327.7449954223629902
 30
0.0
 10
387.3188729442732665
 20
327.7437681900713642
 30
0.0
 10
387.5121567449112945
 20
327.7400963106750851
 30
0.0
 10
387.7048366756961286
 20
327.7339945103922219
 30
0.0
 10
387.8968980104097
 20
327.7254775154407298
 30
0.0
 10
388.0883260228339395
 20
327.7145600520386779
 30
0.0
 10
388.279105986750892
 20
327.7012568464040214
 30
0.0
 10
388.4692231759424885
 20
327.6855826247548293
 30
0.0
 10
388.6586628641907737
 20
327.6675521133090569
 30
0.0
 10
388.8474103252777923
 20
327.6471800382847164
 30
0.0
 10
389.0354508329854752
 20
327.6244811258998766
 30
0.0
 10
389.2227696610958674
 20
327.5994701023724929
 30
0.0
 10
389.409352083390786
 20
327.5721616939206342
 30
0.0
 10
389.5951833736523895
 20
327.5425706267622559
 30
0.0
 10
389.7802488056626089
 20
327.51071162711537
 30
0.0
 10
389.9645336532034889
 20
327.4765994211979887
 30
0.0
 10
390.1480231900569038
 20
327.440248735228181
 30
0.0
 10
390.330702690004955
 20
327.4016742954239589
 30
0.0
 10
390.5125574268295168
 20
327.360890828003221
 30
0.0
 10
390.6935726743126907
 20
327.3179130591840362
 30
0.0
 10
390.8737337062364077
 20
327.2727557151844735
 30
0.0
 10
391.0530257963827125
 20
327.2254335222224881
 30
0.0
 10
391.2314342185335363
 20
327.1759612065160354
 30
0.0
 10
391.40894424647081
 20
327.1243534942832412
 30
0.0
 10
391.5855411539766919
 20
327.0706251117420607
 30
0.0
 10
391.7612102148330564
 20
327.014790785110506
 30
0.0
 10
391.9359367028218912
 20
326.9568652406065894
 30
0.0
 10
392.1097058917251843
 20
326.8968632044483797
 30
0.0
 10
392.2825030553249803
 20
326.8347994028537755
 30
0.0
 10
392.4543134674032672
 20
326.7706885620408457
 30
0.0
 10
392.625122401741919
 20
326.7045454082276024
 30
0.0
 10
392.7949151321230374
 20
326.6363846676321145
 30
0.0
 10
392.9636769323285534
 20
326.5662210664722807
 30
0.0
 10
393.1313930761405118
 20
326.4940693309661697
 30
0.0
 10
393.2980488373408434
 20
326.4199441873317369
 30
0.0
 10
393.4636294897115931
 20
326.3438603617871081
 30
0.0
 10
393.6281203070347487
 20
326.2658325805501818
 30
0.0
 10
393.7915065630922982
 20
326.1858755698390269
 30
0.0
 10
393.9537735316661156
 20
326.1040040558716555
 30
0.0
 10
394.1149064865383593
 20
326.0202327648661367
 30
0.0
 10
394.2748907014909605
 20
325.934576423040312
 30
0.0
 10
394.4337114503058501
 20
325.847049756612364
 30
0.0
 10
394.5913540067650729
 20
325.7576674918001913
 30
0.0
 10
394.7478036446505598
 20
325.666444354821806
 30
0.0
 10
394.9030456377443556
 20
325.5733950718953338
 30
0.0
 10
395.0570652598285051
 20
325.4785343692386732
 30
0.0
 10
395.2098477846848255
 20
325.3818769730698364
 30
0.0
 10
395.3613784860954183
 20
325.2834376096069491
 30
0.0
 10
395.5116426378422716
 20
325.1832310050678529
 30
0.0
 10
395.6606255137073731
 20
325.0812718856706738
 30
0.0
 10
395.8083123874727107
 20
324.9775749776334806
 30
0.0
 10
395.9546885329202723
 20
324.8721550071741149
 30
0.0
 10
396.099739223831989
 20
324.7650267005107025
 30
0.0
 10
396.243449733990019
 20
324.6562047838611988
 30
0.0
 10
396.385805337176123
 20
324.5457039834436728
 30
0.0
 10
396.5267913071724593
 20
324.4335390254760796
 30
0.0
 10
396.6663929177609589
 20
324.3197246361764314
 30
0.0
 10
396.8045954427236097
 20
324.2042755417627973
 30
0.0
 10
396.9413841558423428
 20
324.0872064684531324
 30
0.0
 10
397.0767443308992597
 20
323.9685321424655058
 30
0.0
 10
397.2106612416763483
 20
323.8482672900178727
 30
0.0
 10
397.3431201619554258
 20
323.7264266373282453
 30
0.0
 10
397.4741063655186508
 20
323.6030249106146925
 30
0.0
 10
397.6036051261479543
 20
323.4780768360951697
 30
0.0
 10
397.7316017176253808
 20
323.3515971399876889
 30
0.0
 10
397.8580814137328616
 20
323.2236005485102623
 30
0.0
 10
397.9830294882524413
 20
323.0941017878809589
 30
0.0
 10
398.1064312149659372
 20
322.9631155843176771
 30
0.0
 10
398.2282718676555646
 20
322.8306566640385427
 30
0.0
 10
398.3485367201031977
 20
322.6967397532615109
 30
0.0
 10
398.4672110460908243
 20
322.5613795782045941
 30
0.0
 10
398.5842801194004323
 20
322.4245908650858041
 30
0.0
 10
398.6997292138140665
 20
322.2863883401231533
 30
0.0
 10
398.8135436031136578
 20
322.1467867295346537
 30
0.0
 10
398.925708561081251
 20
322.0058007595383174
 30
0.0
 10
399.0362093614987771
 20
321.8634451563521566
 30
0.0
 10
399.1450312781482239
 20
321.7197346461941834
 30
0.0
 10
399.2521595848116931
 20
321.5746839552824667
 30
0.0
 10
399.3575795552709451
 20
321.4283078098349051
 30
0.0
 10
399.4612764633081952
 20
321.2806209360695675
 30
0.0
 10
399.5632355827053743
 20
321.1316380602044092
 30
0.0
 10
399.6634421872444136
 20
320.9813739084575559
 30
0.0
 10
399.7618815507073577
 20
320.8298432070469062
 30
0.0
 10
399.8585389468761377
 20
320.6770606821905858
 30
0.0
 10
399.9533996495327415
 20
320.5230410601064932
 30
0.0
 10
400.0464489324592137
 20
320.3677990670126974
 30
0.0
 10
400.137672069437599
 20
320.2113494291271536
 30
0.0
 10
400.2270543342497149
 20
320.0537068726679877
 30
0.0
 10
400.3145810006776628
 20
319.8948861238530981
 30
0.0
 10
400.4002373425034875
 20
319.7349019089005537
 30
0.0
 10
400.4840086335090064
 20
319.57376895402831
 30
0.0
 10
400.5658801474763777
 20
319.4115019854544926
 30
0.0
 10
400.6458371581875326
 20
319.2481157293969432
 30
0.0
 10
400.7238649394244021
 20
319.0836249120737875
 30
0.0
 10
400.7999487649690309
 20
318.9180442597030947
 30
0.0
 10
400.8740739086034068
 20
318.7513884985027062
 30
0.0
 10
400.9462256441095178
 20
318.5836723546907479
 30
0.0
 10
401.0163892452693517
 20
318.4149105544852318
 30
0.0
 10
401.0845499858648395
 20
318.2451178241041134
 30
0.0
 10
401.1506931396780828
 20
318.0743088897654616
 30
0.0
 10
401.2148039804909558
 20
317.9024984776872316
 30
0.0
 10
401.2768677820856169
 20
317.7297013140874924
 30
0.0
 10
401.3368698182438266
 20
317.5559321251841425
 30
0.0
 10
401.3947953627476863
 20
317.3812056371953645
 30
0.0
 10
401.450629689379241
 20
317.205536576339
 30
0.0
 10
401.5043580719203646
 20
317.0289396688331749
 30
0.0
 10
401.5559657841532157
 20
316.8514296408959012
 30
0.0
 10
401.6054380998596116
 20
316.6730212187450775
 30
0.0
 10
401.6527602928215401
 20
316.4937291285988294
 30
0.0
 10
401.6979176368211597
 20
316.3135680966751124
 30
0.0
 10
401.7408954056402877
 20
316.1325528491919954
 30
0.0
 10
401.7816788730610256
 20
315.9506981123673768
 30
0.0
 10
401.8202533128652476
 20
315.7680186124193824
 30
0.0
 10
401.8566039988351122
 20
315.5845290755660244
 30
0.0
 10
401.8907162047523798
 20
315.4002442280252012
 30
0.0
 10
401.9225752043992657
 20
315.2151787960149818
 30
0.0
 10
401.952166271557644
 20
315.0293475057534351
 30
0.0
 10
401.9794746800095027
 20
314.8427650834584597
 30
0.0
 10
402.0044857035368864
 20
314.6554462553481812
 30
0.0
 10
402.027184615921783
 20
314.4674057476405551
 30
0.0
 10
402.0475566909460667
 20
314.2786582865535365
 30
0.0
 10
402.0655872023918391
 20
314.0892185983052514
 30
0.0
 10
402.0812614240410312
 20
313.899101409113598
 30
0.0
 10
402.0945646296756308
 20
313.7083214451967024
 30
0.0
 10
402.1054820930777396
 20
313.5168934327724628
 30
0.0
 10
402.1139990880292316
 20
313.3248320980590051
 30
0.0
 10
402.1201008883120949
 20
313.1321521672742847
 30
0.0
 10
402.123772767708374
 20
312.9388683666362567
 30
0.0
 10
402.125
 20
312.7449954223629902
 30
0.0
 10
402.125
 20
104.744995422362976
 30
0.0
 10
402.123772767708374
 20
104.5511224780896953
 30
0.0
 10
402.1201008883120949
 20
104.3578386774516389
 30
0.0
 10
402.1139990880292316
 20
104.1651587466668332
 30
0.0
 10
402.1054820930777396
 20
103.9730974119533187
 30
0.0
 10
402.0945646296756308
 20
103.7816693995290791
 30
0.0
 10
402.0812614240410312
 20
103.5908894356121266
 30
0.0
 10
402.0655872023918391
 20
103.4007722464204591
 30
0.0
 10
402.0475566909460667
 20
103.2113325581721313
 30
0.0
 10
402.027184615921783
 20
103.0225850970851411
 30
0.0
 10
402.0044857035368864
 20
102.8345445893774723
 30
0.0
 10
401.9794746800095027
 20
102.6472257612671513
 30
0.0
 10
401.952166271557644
 20
102.4606433389721616
 30
0.0
 10
401.9225752043992657
 20
102.2748120487105581
 30
0.0
 10
401.8907162047523798
 20
102.0897466167003387
 30
0.0
 10
401.8566039988351122
 20
101.9054617691595013
 30
0.0
 10
401.8202533128652476
 20
101.7219722323060438
 30
0.0
 10
401.7816788730610256
 20
101.539292732358021
 30
0.0
 10
401.7408954056402877
 20
101.3574379955334166
 30
0.0
 10
401.6979176368211597
 20
101.1764227480502427
 30
0.0
 10
401.6527602928215401
 20
100.9962617161265115
 30
0.0
 10
401.6054380998596116
 20
100.816969625980235
 30
0.0
 10
401.5559657841532157
 20
100.6385612038294397
 30
0.0
 10
401.5043580719203646
 20
100.4610511758921092
 30
0.0
 10
401.450629689379241
 20
100.2844542683862699
 30
0.0
 10
401.3947953627476863
 20
100.1087852075299196
 30
0.0
 10
401.3368698182438266
 20
99.9340587195411132
 30
0.0
 10
401.2768677820856169
 20
99.7602895306377917
 30
0.0
 10
401.2148039804909558
 20
99.5874923670379957
 30
0.0
 10
401.1506931396780828
 20
99.4156819549597657
 30
0.0
 10
401.0845499858648395
 20
99.2448730206210854
 30
0.0
 10
401.0163892452693517
 20
99.075080290239967
 30
0.0
 10
400.9462256441095178
 20
98.9063184900344226
 30
0.0
 10
400.8740739086034068
 20
98.7386023462224784
 30
0.0
 10
400.7999487649690309
 20
98.5719465850221042
 30
0.0
 10
400.7238649394244021
 20
98.4063659326513545
 30
0.0
 10
400.6458371581875326
 20
98.241875115328213
 30
0.0
 10
400.5658801474763777
 20
98.0784888592707063
 30
0.0
 10
400.4840086335090064
 20
97.9162218906968462
 30
0.0
 10
400.4002373425034875
 20
97.7550889358246167
 30
0.0
 10
400.3145810006776628
 20
97.5951047208720581
 30
0.0
 10
400.2270543342497149
 20
97.4362839720571827
 30
0.0
 10
400.137672069437599
 20
97.2786414155979742
 30
0.0
 10
400.0464489324592137
 20
97.1221917777124872
 30
0.0
 10
399.9533996495327415
 20
96.9669497846186772
 30
0.0
 10
399.8585389468761377
 20
96.8129301625345846
 30
0.0
 10
399.7618815507073577
 20
96.6601476376782358
 30
0.0
 10
399.6634421872444136
 20
96.5086169362676145
 30
0.0
 10
399.5632355827053743
 20
96.3583527845207328
 30
0.0
 10
399.4612764633081952
 20
96.2093699086556313
 30
0.0
 10
399.3575795552709451
 20
96.0616830348902937
 30
0.0
 10
399.2521595848116931
 20
95.9153068894427321
 30
0.0
 10
399.1450312781482239
 20
95.7702561985309586
 30
0.0
 10
399.0362093614987771
 20
95.6265456883729996
 30
0.0
 10
398.925708561081251
 20
95.484190085186853
 30
0.0
 10
398.8135436031136578
 20
95.343204115190531
 30
0.0
 10
398.6997292138140665
 20
95.2036025046020598
 30
0.0
 10
398.5842801194004323
 20
95.0653999796394231
 30
0.0
 10
398.4672110460908243
 20
94.9286112665206474
 30
0.0
 10
398.3485367201031977
 20
94.7932510914637447
 30
0.0
 10
398.2282718676555646
 20
94.6593341806866988
 30
0.0
 10
398.1064312149659372
 20
94.5268752604075644
 30
0.0
 10
397.9830294882524413
 20
94.3958890568443252
 30
0.0
 10
397.8580814137328616
 20
94.2663902962149933
 30
0.0
 10
397.7316017176253808
 20
94.1383937047375952
 30
0.0
 10
397.6036051261479543
 20
94.0119140086301428
 30
0.0
 10
397.4741063655186508
 20
93.88696593411062
 30
0.0
 10
397.3431201619554258
 20
93.7635642073970388
 30
0.0
 10
397.2106612416763483
 20
93.6417235547074398
 30
0.0
 10
397.0767443308992597
 20
93.5214587022598209
 30
0.0
 10
396.9413841558423428
 20
93.4027843762721801
 30
0.0
 10
396.8045954427236097
 20
93.2857153029625437
 30
0.0
 10
396.6663929177609589
 20
93.1702662085489379
 30
0.0
 10
396.5267913071724593
 20
93.0564518192493324
 30
0.0
 10
396.385805337176123
 20
92.9442868612817676
 30
0.0
 10
396.243449733990019
 20
92.8337860608642274
 30
0.0
 10
396.099739223831989
 20
92.7249641442147663
 30
0.0
 10
395.9546885329202723
 20
92.617835837551354
 30
0.0
 10
395.8083123874727107
 20
92.5124158670920167
 30
0.0
 10
395.6606255137073731
 20
92.4087189590547808
 30
0.0
 10
395.5116426378422716
 20
92.3067598396576443
 30
0.0
 10
395.3613784860954183
 20
92.2065532351186192
 30
0.0
 10
395.2098477846848255
 20
92.1081138716556893
 30
0.0
 10
395.0570652598285051
 20
92.0114564754869093
 30
0.0
 10
394.9030456377443556
 20
91.9165957728302629
 30
0.0
 10
394.7478036446505598
 20
91.8235464899037765
 30
0.0
 10
394.5913540067650729
 20
91.732323352925448
 30
0.0
 10
394.4337114503058501
 20
91.6429410881132753
 30
0.0
 10
394.2748907014909605
 20
91.555414421685299
 30
0.0
 10
394.1149064865383593
 20
91.4697580798595027
 30
0.0
 10
393.9537735316661156
 20
91.3859867888539554
 30
0.0
 10
393.7915065630922982
 20
91.3041152748865983
 30
0.0
 10
393.6281203070347487
 20
91.2241582641754718
 30
0.0
 10
393.4636294897115931
 20
91.1461304829385881
 30
0.0
 10
393.2980488373408434
 20
91.0700466573939593
 30
0.0
 10
393.1313930761405118
 20
90.9959215137595834
 30
0.0
 10
392.9636769323285534
 20
90.9237697782534724
 30
0.0
 10
392.7949151321230374
 20
90.8536061770936527
 30
0.0
 10
392.625122401741919
 20
90.7854454364981081
 30
0.0
 10
392.4543134674032672
 20
90.7193022826848932
 30
0.0
 10
392.2825030553249803
 20
90.655191441872006
 30
0.0
 10
392.1097058917251843
 20
90.5931276402774301
 30
0.0
 10
391.9359367028218912
 20
90.5331256041191779
 30
0.0
 10
391.7612102148330564
 20
90.4752000596152754
 30
0.0
 10
391.5855411539766919
 20
90.4193657329837492
 30
0.0
 10
391.40894424647081
 20
90.3656373504425829
 30
0.0
 10
391.2314342185335363
 20
90.3140296382098029
 30
0.0
 10
391.0530257963827125
 20
90.264557322503407
 30
0.0
 10
390.8737337062364077
 20
90.2172351295414217
 30
0.0
 10
390.6935726743126907
 20
90.1720777855418447
 30
0.0
 10
390.5125574268295168
 20
90.1291000167226741
 30
0.0
 10
390.330702690004955
 20
90.0883165493019646
 30
0.0
 10
390.1480231900569038
 20
90.0497421094977142
 30
0.0
 10
389.9645336532034889
 20
90.0133914235279065
 30
0.0
 10
389.7802488056626089
 20
89.9792792176105678
 30
0.0
 10
389.5951833736523895
 20
89.9474202179636819
 30
0.0
 10
389.409352083390786
 20
89.9178291508053178
 30
0.0
 10
389.2227696610958674
 20
89.8905207423534307
 30
0.0
 10
389.0354508329854752
 20
89.8655097188260896
 30
0.0
 10
388.8474103252777923
 20
89.8428108064412498
 30
0.0
 10
388.6586628641907737
 20
89.8224387314169377
 30
0.0
 10
388.4692231759424885
 20
89.8044082199711653
 30
0.0
 10
388.279105986750892
 20
89.788733998321959
 30
0.0
 10
388.0883260228339395
 20
89.7754307926873167
 30
0.0
 10
387.8968980104097
 20
89.7645133292852506
 30
0.0
 10
387.7048366756961286
 20
89.7559963343337728
 30
0.0
 10
387.5121567449112945
 20
89.7498945340508811
 30
0.0
 10
387.3188729442732665
 20
89.7462226546546304
 30
0.0
 10
387.125
 20
89.744995422362976
 30
0.0
 10
79.125
 20
89.744995422362976
 30
0.0
 10
78.9311270557267051
 20
89.7462226546546304
 30
0.0
 10
78.7378432550886487
 20
89.7498945340508811
 30
0.0
 10
78.5451633243038714
 20
89.7559963343337728
 30
0.0
 10
78.3531019895903285
 20
89.7645133292852506
 30
0.0
 10
78.1616739771660889
 20
89.7754307926873167
 30
0.0
 10
77.9708940132491364
 20
89.788733998321959
 30
0.0
 10
77.7807768240575115
 20
89.8044082199711653
 30
0.0
 10
77.5913371358091695
 20
89.8224387314169377
 30
0.0
 10
77.4025896747221509
 20
89.8428108064412498
 30
0.0
 10
77.2145491670144679
 20
89.8655097188260896
 30
0.0
 10
77.0272303389041326
 20
89.8905207423534307
 30
0.0
 10
76.8406479166091856
 20
89.9178291508053178
 30
0.0
 10
76.6548166263475821
 20
89.9474202179636819
 30
0.0
 10
76.4697511943373343
 20
89.9792792176105678
 30
0.0
 10
76.2854663467965395
 20
90.0133914235279065
 30
0.0
 10
76.1019768099430962
 20
90.0497421094977142
 30
0.0
 10
75.919297309995045
 20
90.0883165493019646
 30
0.0
 10
75.7374425731704548
 20
90.1291000167226741
 30
0.0
 10
75.5564273256873093
 20
90.1720777855418447
 30
0.0
 10
75.3762662937635639
 20
90.2172351295414217
 30
0.0
 10
75.1969742036172875
 20
90.264557322503407
 30
0.0
 10
75.0185657814664921
 20
90.3140296382098029
 30
0.0
 10
74.8410557535291616
 20
90.3656373504425829
 30
0.0
 10
74.6644588460233081
 20
90.4193657329837492
 30
0.0
 10
74.4887897851669436
 20
90.4752000596152754
 30
0.0
 10
74.3140632971780803
 20
90.5331256041191779
 30
0.0
 10
74.1402941082747873
 20
90.5931276402774301
 30
0.0
 10
73.9674969446750197
 20
90.655191441872006
 30
0.0
 10
73.7956865325967613
 20
90.7193022826848932
 30
0.0
 10
73.624877598258081
 20
90.7854454364981081
 30
0.0
 10
73.4550848678769626
 20
90.8536061770936527
 30
0.0
 10
73.2863230676714466
 20
90.9237697782534724
 30
0.0
 10
73.1186069238594882
 20
90.9959215137595834
 30
0.0
 10
72.9519511626591566
 20
91.0700466573939593
 30
0.0
 10
72.7863705102883785
 20
91.1461304829385881
 30
0.0
 10
72.6218796929652513
 20
91.2241582641754718
 30
0.0
 10
72.4584934369077303
 20
91.3041152748865983
 30
0.0
 10
72.296226468333856
 20
91.3859867888539554
 30
0.0
 10
72.1350935134616407
 20
91.4697580798595027
 30
0.0
 10
71.9751092985090395
 20
91.555414421685299
 30
0.0
 10
71.8162885496941215
 20
91.6429410881132753
 30
0.0
 10
71.6586459932349271
 20
91.732323352925448
 30
0.0
 10
71.5021963553494402
 20
91.8235464899037765
 30
0.0
 10
71.3469543622556159
 20
91.9165957728302629
 30
0.0
 10
71.1929347401715233
 20
92.0114564754869093
 30
0.0
 10
71.040152215315203
 20
92.1081138716556893
 30
0.0
 10
70.8886215139045817
 20
92.2065532351186192
 30
0.0
 10
70.7383573621577284
 20
92.3067598396576443
 30
0.0
 10
70.5893744862926269
 20
92.4087189590547808
 30
0.0
 10
70.4416876125272609
 20
92.5124158670920167
 30
0.0
 10
70.2953114670797277
 20
92.617835837551354
 30
0.0
 10
70.1502607761679542
 20
92.7249641442147663
 30
0.0
 10
70.006550266009981
 20
92.8337860608642274
 30
0.0
 10
69.8641946628238486
 20
92.9442868612817676
 30
0.0
 10
69.7232086928275407
 20
93.0564518192493324
 30
0.0
 10
69.5836070822390411
 20
93.1702662085489379
 30
0.0
 10
69.4454045572763903
 20
93.2857153029625437
 30
0.0
 10
69.3086158441576288
 20
93.4027843762721801
 30
0.0
 10
69.1732556691007119
 20
93.5214587022598209
 30
0.0
 10
69.0393387583236802
 20
93.6417235547074398
 30
0.0
 10
68.9068798380445457
 20
93.7635642073970388
 30
0.0
 10
68.7758936344813208
 20
93.88696593411062
 30
0.0
 10
68.6463948738520173
 20
94.0119140086301428
 30
0.0
 10
68.5183982823745907
 20
94.1383937047375952
 30
0.0
 10
68.3919185862670815
 20
94.2663902962149933
 30
0.0
 10
68.2669705117475871
 20
94.3958890568443252
 30
0.0
 10
68.1435687850340344
 20
94.5268752604075644
 30
0.0
 10
68.0217281323444354
 20
94.6593341806866988
 30
0.0
 10
67.9014632798968023
 20
94.7932510914637447
 30
0.0
 10
67.7827889539091757
 20
94.9286112665206474
 30
0.0
 10
67.6657198805995392
 20
95.0653999796394231
 30
0.0
 10
67.5502707861859335
 20
95.2036025046020598
 30
0.0
 10
67.4364563968863422
 20
95.343204115190531
 30
0.0
 10
67.324291438918749
 20
95.484190085186853
 30
0.0
 10
67.2137906385012229
 20
95.6265456883729996
 30
0.0
 10
67.1049687218517477
 20
95.7702561985309586
 30
0.0
 10
66.9978404151883353
 20
95.9153068894427321
 30
0.0
 10
66.8924204447290265
 20
96.0616830348902937
 30
0.0
 10
66.7887235366918048
 20
96.2093699086556313
 30
0.0
 10
66.6867644172946257
 20
96.3583527845207328
 30
0.0
 10
66.5865578127555864
 20
96.5086169362676145
 30
0.0
 10
66.4881184492926707
 20
96.6601476376782358
 30
0.0
 10
66.3914610531238623
 20
96.8129301625345846
 30
0.0
 10
66.2966003504672585
 20
96.9669497846186772
 30
0.0
 10
66.2035510675407579
 20
97.1221917777124872
 30
0.0
 10
66.1123279305624294
 20
97.2786414155979742
 30
0.0
 10
66.0229456657502567
 20
97.4362839720571827
 30
0.0
 10
65.9354189993223088
 20
97.5951047208720581
 30
0.0
 10
65.8497626574965125
 20
97.7550889358246167
 30
0.0
 10
65.7659913664909368
 20
97.9162218906968462
 30
0.0
 10
65.6841198525235939
 20
98.0784888592707063
 30
0.0
 10
65.6041628418124674
 20
98.241875115328213
 30
0.0
 10
65.5261350605755979
 20
98.4063659326513545
 30
0.0
 10
65.4500512350309407
 20
98.5719465850221042
 30
0.0
 10
65.3759260913965932
 20
98.7386023462224784
 30
0.0
 10
65.3037743558904822
 20
98.9063184900344226
 30
0.0
 10
65.2336107547306767
 20
99.075080290239967
 30
0.0
 10
65.1654500141351605
 20
99.2448730206210854
 30
0.0
 10
65.0993068603219456
 20
99.4156819549597657
 30
0.0
 10
65.0351960195090157
 20
99.5874923670379957
 30
0.0
 10
64.9731322179143831
 20
99.7602895306377917
 30
0.0
 10
64.913130181756145
 20
99.9340587195411132
 30
0.0
 10
64.8552046372522852
 20
100.1087852075299196
 30
0.0
 10
64.799370310620759
 20
100.2844542683862699
 30
0.0
 10
64.7456419280795785
 20
100.4610511758921092
 30
0.0
 10
64.6940342158467843
 20
100.6385612038294397
 30
0.0
 10
64.6445619001403884
 20
100.816969625980235
 30
0.0
 10
64.5972397071784314
 20
100.9962617161265115
 30
0.0
 10
64.5520823631788403
 20
101.1764227480502427
 30
0.0
 10
64.5091045943596839
 20
101.3574379955334166
 30
0.0
 10
64.4683211269389744
 20
101.539292732358021
 30
0.0
 10
64.429746687134724
 20
101.7219722323060438
 30
0.0
 10
64.3933960011649162
 20
101.9054617691595013
 30
0.0
 10
64.3592837952475634
 20
102.0897466167003387
 30
0.0
 10
64.3274247956007343
 20
102.2748120487105581
 30
0.0
 10
64.2978337284423276
 20
102.4606433389721616
 30
0.0
 10
64.2705253199904689
 20
102.6472257612671513
 30
0.0
 10
64.2455142964631136
 20
102.8345445893774723
 30
0.0
 10
64.2228153840782454
 20
103.0225850970851411
 30
0.0
 10
64.2024433090539333
 20
103.2113325581721313
 30
0.0
 10
64.1844127976081609
 20
103.4007722464204591
 30
0.0
 10
64.1687385759589972
 20
103.5908894356121266
 30
0.0
 10
64.1554353703243407
 20
103.7816693995290791
 30
0.0
 10
64.1445179069222604
 20
103.9730974119533187
 30
0.0
 10
64.1360009119707684
 20
104.1651587466668332
 30
0.0
 10
64.1298991116879051
 20
104.3578386774516389
 30
0.0
 10
64.1262272322916544
 20
104.5511224780896953
 30
0.0
 10
64.125
 20
104.744995422362976
 30
0.0
 10
64.125
 20
312.7449954223629902
 30
0.0
 10
64.125
 20
312.7449954223629902
 30
0.0
  0
LWPOLYLINE
  5
4F
100
AcDbEntity
  8
0
 62
7
420
0
370
-1
 48
1.0
  6
CONTINUOUS
100
AcDbPolyline
 90
6
 70
0
 10
102.1250012207037798
 20
306.3249894714354014
 30
0.0
 10
216.1250012207037798
 20
306.3249894714354014
 30
0.0
 10
216.1250012207037798
 20
212.3249894714354014
 30
0.0
 10
102.1250012207037798
 20
212.3249894714354014
 30
0.0
 10
102.1250012207037798
 20
306.3249894714354014
 30
0.0
 10
102.1250012207037798
 20
306.3249894714354014
 30
0.0
  0
LWPOLYLINE
  5
50
100
AcDbEntity
  8
0
 62
7
420
0
370
-1
 48
1.0
  6
CONTINUOUS
100
AcDbPolyline
 90
6
 70
0
 10
256.0050000000010186
 20
305.3249894714354014
 30
0.0
 10
355.0050000000010186
 20
305.3249894714354014
 30
0.0
 10
355.0050000000010186
 20
213.3249894714354014
 30
0.0
 10
256.0050000000010186
 20
213.3249894714354014
 30
0.0
 10
256.0050000000010186
 20
305.3249894714354014
 30
0.0
 10
256.0050000000010186
 20
305.3249894714354014
 30
0.0
  0
LWPOLYLINE
  5
51
100
AcDbEntity
  8
0
 62
7
420
0
370
-1
 48
1.0
  6
CONTINUOUS
100
AcDbPolyline
 90
6
 70
0
 10
238.5050000000010186
 20
202.5849954223631357
 30
0.0
 10
372.5050000000010186
 20
202.5849954223631357
 30
0.0
 10
372.5050000000010186
 20
113.5849954223631357
 30
0.0
 10
238.5050000000010186
 20
113.5849954223631357
 30
0.0
 10
238.5050000000010186
 20
202.5849954223631357
 30
0.0
 10
238.5050000000010186
 20
202.5849954223631357
 30
0.0
  0
LWPOLYLINE
  5
52
100
AcDbEntity
  8
0
 62
7
420
0
370
-1
 48
1.0
  6
CONTINUOUS
100
AcDbPolyline
 90
51
 70
0
 10
105.7080253394395299
 20
129.0476106236554585
 30
0.0
 10
105.7080253394395299
 20
127.2387052433215189
 30
0.0
 10
105.7101995045601228
 20
127.0952103453623323
 30
0.0
 10
105.7167219999219014
 20
126.94301878692076
 30
0.0
 10
105.72759282552488
 20
126.7821305679968162
 30
0.0
 10
105.7428119813690301
 20
126.6125456885904725
 30
0.0
 10
105.2210123524265413
 20
126.3690391950840279
 30
0.0
 10
105.2210123524265413
 20
127.0299853917444892
 30
0.0
 10
103.4816802559515878
 20
127.0299853917444892
 30
0.0
 10
103.4816802559515878
 20
126.0559594177185403
 30
0.0
 10
102.9598806270091131
 20
125.7776662822825386
 30
0.0
 10
102.9750997828532633
 20
126.2527213611322594
 30
0.0
 10
102.9859706084562276
 20
126.7386472655849445
 30
0.0
 10
102.9924931038180063
 20
127.2354439956406083
 30
0.0
 10
102.9946672689385991
 20
127.7431115512992363
 30
0.0
 10
102.9924931038180063
 20
128.2507791069578502
 30
0.0
 10
102.9859706084562276
 20
128.7475758370135281
 30
0.0
 10
102.9750997828532633
 20
129.2335017414661991
 30
0.0
 10
102.9598806270091131
 20
129.7085568203159198
 30
0.0
 10
103.4816802559515878
 20
129.3954770429504606
 30
0.0
 10
104.1078398106825773
 20
129.3954770429504606
 30
0.0
 10
104.1078398106825773
 20
130.9956625717073848
 30
0.0
 10
103.516466897881088
 20
130.9956625717073848
 30
0.0
 10
103.4044973941705052
 20
130.9940319478669153
 30
0.0
 10
103.2947020555805295
 20
130.989140076345592
 30
0.0
 10
103.1870808821111467
 20
130.980986957143358
 30
0.0
 10
103.0816338737623425
 20
130.9695725902602419
 30
0.0
 10
102.9783610305341455
 20
130.9548969756962435
 30
0.0
 10
102.8772623524265413
 20
130.936960113451363
 30
0.0
 10
102.7783378394395299
 20
130.9157620035255718
 30
0.0
 10
102.6815874915731115
 20
130.8913026459188984
 30
0.0
 10
102.3685077142076238
 20
131.204382423284386
 30
0.0
 10
104.1078398106825773
 20
131.204382423284386
 30
0.0
 10
104.1078398106825773
 20
132.178408397310335
 30
0.0
 10
104.1056656455619844
 20
132.4480048722639651
 30
0.0
 10
104.0991431502002058
 20
132.7002080262528239
 30
0.0
 10
104.0882723245972272
 20
132.935017859276968
 30
0.0
 10
104.0730531687530771
 20
133.1524343713363407
 30
0.0
 10
104.9079325750610536
 20
132.7349946681823383
 30
0.0
 10
104.594852797695566
 20
132.4914881746758226
 30
0.0
 10
104.594852797695566
 20
131.204382423284386
 30
0.0
 10
105.3253722782150419
 20
131.204382423284386
 30
0.0
 10
105.7428119813690301
 20
131.6218221264384169
 30
0.0
 10
106.3341848941705194
 20
130.9956625717073848
 30
0.0
 10
104.594852797695566
 20
130.9956625717073848
 30
0.0
 10
104.594852797695566
 20
129.3954770429504606
 30
0.0
 10
105.1514390685675551
 20
129.3954770429504606
 30
0.0
 10
105.4993054878625429
 20
129.7433434622454058
 30
0.0
 10
105.9863184748755316
 20
129.2563304752324314
 30
0.0
 10
105.7080253394395299
 20
129.0476106236554585
 30
0.0
 10
105.7080253394395299
 20
129.0476106236554585
 30
0.0
  0
LWPOLYLINE
  5
53
100
AcDbEntity
  8
0
 62
7
420
0
370
-1
 48
1.0
  6
CONTINUOUS
100
AcDbPolyline
 90
6
 70
0
 10
103.4816802559534068
 20
129.1867571913729762
 30
0.0
 10
103.4816802559534068
 20
127.2387052433210783
 30
0.0
 10
105.2210123524283603
 20
127.2387052433210783
 30
0.0
 10
105.2210123524283603
 20
129.1867571913729762
 30
0.0
 10
103.4816802559534068
 20
129.1867571913729762
 30
0.0
 10
103.4816802559534068
 20
129.1867571913729762
 30
0.0
  0
LWPOLYLINE
  5
54
100
AcDbEntity
  8
0
 62
7
420
0
370
-1
 48
1.0
  6
CONTINUOUS
100
AcDbPolyline
 90
143
 70
0
 10
104.9775058589214893
 20
125.0819334436905734
 30
0.0
 10
105.1468189676877358
 20
125.2308637544512351
 30
0.0
 10
105.3068918746914449
 20
125.3819682303325038
 30
0.0
 10
105.4577245799326306
 20
125.5352468713343654
 30
0.0
 10
105.5993170834112931
 20
125.6906996774568057
 30
0.0
 10
105.6666482594896763
 20
125.7692413924382606
 30
0.0
 10
105.7316693851274323
 20
125.8483266486998531
 30
0.0
 10
105.794380460324561
 20
125.9279554462416115
 30
0.0
 10
105.8547814850810482
 20
126.0081277850634933
 30
0.0
 10
105.9128724593969082
 20
126.0888436651655411
 30
0.0
 10
105.9686533832721409
 20
126.1701030865477406
 30
0.0
 10
106.0221242567067463
 20
126.2519060492100778
 30
0.0
 10
106.0732850797007245
 20
126.3342525531525666
 30
0.0
 10
106.1222037949140713
 20
126.4176181969953205
 30
0.0
 10
106.1689483450068394
 20
126.5024785793584954
 30
0.0
 10
106.2135187299790147
 20
126.5888337002420627
 30
0.0
 10
106.2559149498305828
 20
126.676683559646051
 30
0.0
 10
106.2961370045615723
 20
126.766028157570446
 30
0.0
 10
106.3341848941719689
 20
126.8568674940152476
 30
0.0
 10
106.3700586186617585
 20
126.949201568980456
 30
0.0
 10
106.4037581780309552
 20
127.0430303824660854
 30
0.0
 10
106.4352835722795731
 20
127.1383539344721072
 30
0.0
 10
106.4646348014075841
 20
127.23517222499855
 30
0.0
 10
106.4918118654150021
 20
127.3334852540453994
 30
0.0
 10
106.5168147643018415
 20
127.4332930216126556
 30
0.0
 10
106.5396434980680738
 20
127.5345955277003185
 30
0.0
 10
106.5602980667137132
 20
127.6373927723084023
 30
0.0
 10
106.5787784702387597
 20
127.7416847554368928
 30
0.0
 10
106.5950847086432134
 20
127.8474714770857901
 30
0.0
 10
106.609828265867236
 20
127.9571309303557314
 30
0.0
 10
106.6236206258510038
 20
128.0730411083473825
 30
0.0
 10
106.6483517540977459
 20
128.3236136384958002
 30
0.0
 10
106.6692780933834683
 20
128.5991890675310287
 30
0.0
 10
106.6863996437081425
 20
128.8997673954530967
 30
0.0
 10
106.6997164050717828
 20
129.225348622262004
 30
0.0
 10
106.7092283774743748
 20
129.5759327479577223
 30
0.0
 10
106.7149355609159329
 20
129.95151977254028
 30
0.0
 10
106.716837955396457
 20
130.352109696009677
 30
0.0
 10
106.7146637902758641
 20
131.1271995615013282
 30
0.0
 10
106.7081412949140713
 20
131.8001036663251
 30
0.0
 10
106.7032494233927338
 20
132.0982360584865205
 30
0.0
 10
106.6972704693111069
 20
132.3708220104809641
 30
0.0
 10
106.6902044326691765
 20
132.6178615223084307
 30
0.0
 10
106.6820513134669568
 20
132.8393545939689204
 30
0.0
 10
107.2038509424094457
 20
132.5262748166034328
 30
0.0
 10
109.117116248531886
 20
132.5262748166034328
 30
0.0
 10
109.4301960258973736
 20
132.874141235898378
 30
0.0
 10
109.9519956548398625
 20
132.3523416069558891
 30
0.0
 10
109.6737025194038608
 20
132.1436217553788879
 30
0.0
 10
109.6737025194038608
 20
126.160319343505023
 30
0.0
 10
109.6712565836431992
 20
126.0589488947573642
 30
0.0
 10
109.6639187763612
 20
125.9635574000913181
 30
0.0
 10
109.6516890975578633
 20
125.8741448595068988
 30
0.0
 10
109.6345675472331891
 20
125.7907112730041206
 30
0.0
 10
109.6125541253871774
 20
125.7132566405829692
 30
0.0
 10
109.5856488320198281
 20
125.6417809622434447
 30
0.0
 10
109.5538516671311555
 20
125.5762842379855613
 30
0.0
 10
109.5171626307211312
 20
125.5167664678093047
 30
0.0
 10
109.4734075576691765
 20
125.4605099453139445
 30
0.0
 10
109.4204122828547128
 20
125.4047969640987361
 30
0.0
 10
109.3581768062777115
 20
125.3496275241636795
 30
0.0
 10
109.2867011279382012
 20
125.2950016255087604
 30
0.0
 10
109.2059852478361535
 20
125.2409192681339789
 30
0.0
 10
109.1160291659715966
 20
125.1873804520393634
 30
0.0
 10
109.0168328823445165
 20
125.1343851772248854
 30
0.0
 10
108.9083963969548989
 20
125.0819334436905734
 30
0.0
 10
108.8877418283092595
 20
125.1500119890291529
 30
0.0
 10
108.8605647643018415
 20
125.2151010573269332
 30
0.0
 10
108.8268652049326306
 20
125.2772006485838858
 30
0.0
 10
108.7866431502016553
 20
125.336310762800025
 30
0.0
 10
108.7398986001088872
 20
125.3924313999753508
 30
0.0
 10
108.6866315546543404
 20
125.4455625601098632
 30
0.0
 10
108.6268420138380151
 20
125.4957042432035621
 30
0.0
 10
108.5605299776598969
 20
125.5428564492564334
 30
0.0
 10
108.4876954461200143
 20
125.5870191782685055
 30
0.0
 10
108.4083384192183388
 20
125.6281924302397499
 30
0.0
 10
108.3224588969548847
 20
125.6663762051701667
 30
0.0
 10
108.230056879329652
 20
125.7015705030597843
 30
0.0
 10
108.1311323663426407
 20
125.7337753239085743
 30
0.0
 10
108.0256853579938507
 20
125.7629906677165508
 30
0.0
 10
107.913715854283268
 20
125.7892165344837139
 30
0.0
 10
107.7952238552109065
 20
125.8124529242100635
 30
0.0
 10
107.7952238552109065
 20
125.9863861338575362
 30
0.0
 10
108.0031283948676872
 20
125.9624703175310145
 30
0.0
 10
108.1920089897192696
 20
125.9429028314456787
 30
0.0
 10
108.3618656397656537
 20
125.9276836756015285
 30
0.0
 10
108.5126983450068394
 20
125.9168128499985642
 30
0.0
 10
108.6445071054428269
 20
125.9102903546367855
 30
0.0
 10
108.7572919210736302
 20
125.9081161895161927
 30
0.0
 10
108.8510527918992352
 20
125.9102903546367855
 30
0.0
 10
108.9257897179196419
 20
125.9168128499985642
 30
0.0
 10
108.95738305482827
 20
125.9219764921599847
 30
0.0
 10
108.9869381119363396
 20
125.9287707581618321
 30
0.0
 10
109.0144548892438507
 20
125.9371956480041348
 30
0.0
 10
109.0399333867508034
 20
125.9472511616868786
 30
0.0
 10
109.0633736044572117
 20
125.9589372992100778
 30
0.0
 10
109.0847755423630474
 20
125.9722540605737038
 30
0.0
 10
109.1041392004683388
 20
125.9872014457777851
 30
0.0
 10
109.1214645787730717
 20
126.0037794548223218
 30
0.0
 10
109.1367516772772461
 20
126.0219880877072853
 30
0.0
 10
109.1500004959808621
 20
126.0418273444327042
 30
0.0
 10
109.1612110348839195
 20
126.0632972249985642
 30
0.0
 10
109.1703832939864185
 20
126.0863977294048794
 30
0.0
 10
109.1775172732883732
 20
126.1111288576516358
 30
0.0
 10
109.1826129727897552
 20
126.1374906097388333
 30
0.0
 10
109.1856703924905929
 20
126.1654829856664719
 30
0.0
 10
109.1866895323908722
 20
126.1951059854345658
 30
0.0
 10
109.1866895323908722
 20
128.2823045012044645
 30
0.0
 10
107.1342776585504453
 20
128.2823045012044645
 30
0.0
 10
107.1153895990652813
 20
128.1318794519233961
 30
0.0
 10
107.093512062539304
 20
127.9849874209632929
 30
0.0
 10
107.0686450489725132
 20
127.841628408324155
 30
0.0
 10
107.040788558364909
 20
127.701802414005968
 30
0.0
 10
107.0099425907164914
 20
127.5655094380087604
 30
0.0
 10
106.9761071460272461
 20
127.4327494803325038
 30
0.0
 10
106.9392822242971874
 20
127.3035225409772124
 30
0.0
 10
106.8994678255263153
 20
127.1778286199428862
 30
0.0
 10
106.8566639497146298
 20
127.0556677172295394
 30
0.0
 10
106.8108705968621308
 20
126.9370398328371436
 30
0.0
 10
106.7620877669688042
 20
126.821944966765713
 30
0.0
 10
106.7103154600346784
 20
126.7103831190152476
 30
0.0
 10
106.6555536760597249
 20
126.6023542895857474
 30
0.0
 10
106.597802415043958
 20
126.4978584784772124
 30
0.0
 10
106.5370616769873635
 20
126.3968956856896426
 30
0.0
 10
106.4733314618899698
 20
126.299465911223038
 30
0.0
 10
106.406475884431714
 20
126.2046179578371294
 30
0.0
 10
106.3363590592925618
 20
126.1114006282916762
 30
0.0
 10
106.2629809864725132
 20
126.0198139225866782
 30
0.0
 10
106.1863416659715824
 20
125.9298578407221072
 30
0.0
 10
106.1064410977897694
 20
125.8415323826979915
 30
0.0
 10
106.02327928192706
 20
125.754837548514331
 30
0.0
 10
105.9368562183834541
 20
125.6697733381710975
 30
0.0
 10
105.8471719071589661
 20
125.5863397516683193
 30
0.0
 10
105.7542263482535816
 20
125.5045367890059822
 30
0.0
 10
105.6580195416673149
 20
125.4243644501841004
 30
0.0
 10
105.5585514874001518
 20
125.3458227352026455
 30
0.0
 10
105.4558221854521065
 20
125.2689116440616601
 30
0.0
 10
105.3498316358231648
 20
125.1936311767611016
 30
0.0
 10
105.2405798385133266
 20
125.1199813333009843
 30
0.0
 10
105.1280667935226063
 20
125.0479621136813222
 30
0.0
 10
105.0122925008510038
 20
124.9775735179021012
 30
0.0
 10
104.9775058589214893
 20
125.0819334436905734
 30
0.0
 10
104.9775058589214893
 20
125.0819334436905734
 30
0.0
  0
LWPOLYLINE
  5
55
100
AcDbEntity
  8
0
 62
7
420
0
370
-1
 48
1.0
  6
CONTINUOUS
100
AcDbPolyline
 90
6
 70
0
 10
107.203850942409403
 20
132.3175549650261473
 30
0.0
 10
107.203850942409403
 20
130.4738629427627075
 30
0.0
 10
109.1866895323908295
 20
130.4738629427627075
 30
0.0
 10
109.1866895323908295
 20
132.3175549650261473
 30
0.0
 10
107.203850942409403
 20
132.3175549650261473
 30
0.0
 10
107.203850942409403
 20
132.3175549650261473
 30
0.0
  0
LWPOLYLINE
  5
56
100
AcDbEntity
  8
0
 62
7
420
0
370
-1
 48
1.0
  6
CONTINUOUS
100
AcDbPolyline
 90
9
 70
0
 10
107.2038509424115631
 20
130.2651430911878379
 30
0.0
 10
107.2016767772909702
 20
129.8411808926720425
 30
0.0
 10
107.1951542819291916
 20
129.4041737034327184
 30
0.0
 10
107.184283456326213
 20
128.9541215234698086
 30
0.0
 10
107.1690643004820629
 20
128.4910243527833416
 30
0.0
 10
109.1866895323930038
 20
128.4910243527833416
 30
0.0
 10
109.1866895323930038
 20
130.2651430911878379
 30
0.0
 10
107.2038509424115631
 20
130.2651430911878379
 30
0.0
 10
107.2038509424115631
 20
130.2651430911878379
 30
0.0
  0
LWPOLYLINE
  5
57
100
AcDbEntity
  8
0
 62
7
420
0
370
-1
 48
1.0
  6
CONTINUOUS
100
AcDbPolyline
 90
137
 70
0
 10
114.9264854507604809
 20
131.7261820522261928
 30
0.0
 10
114.9243112856398881
 20
132.130576764656638
 30
0.0
 10
114.9177887902781094
 20
132.5088814956399403
 30
0.0
 10
114.9069179646751451
 20
132.8610962451761281
 30
0.0
 10
114.8916988088309807
 20
133.187221013265173
 30
0.0
 10
115.7961514989979719
 20
132.8045679520406566
 30
0.0
 10
115.4482850797029698
 20
132.5610614585341978
 30
0.0
 10
115.4482850797029698
 20
131.7261820522261928
 30
0.0
 10
117.1528305342484231
 20
131.7261820522261928
 30
0.0
 10
117.6050568793319115
 20
132.1784083973096813
 30
0.0
 10
118.2660030759924013
 20
131.51746220064922
 30
0.0
 10
115.4482850797029698
 20
131.51746220064922
 30
0.0
 10
115.4482850797029698
 20
130.3347163750462414
 30
0.0
 10
116.6310309053059342
 20
130.3347163750462414
 30
0.0
 10
117.0484706084599225
 20
130.7521560782002439
 30
0.0
 10
117.674630163190912
 20
130.1259965234692686
 30
0.0
 10
115.4482850797029698
 20
130.1259965234692686
 30
0.0
 10
115.4482850797029698
 20
128.908464055936804
 30
0.0
 10
117.3615503858254243
 20
128.908464055936804
 30
0.0
 10
117.6398435212614118
 20
129.2563304752317777
 30
0.0
 10
118.1964297921334008
 20
128.8041041301482892
 30
0.0
 10
117.9181366566973992
 20
128.5953842785713164
 30
0.0
 10
117.8137767309089128
 20
126.9604121078848493
 30
0.0
 10
117.8086810314075166
 20
126.9091153995708368
 30
0.0
 10
117.8020905933857136
 20
126.8595852004173139
 30
0.0
 10
117.7940054168435182
 20
126.8118215104242665
 30
0.0
 10
117.7844255017809019
 20
126.7658243295917089
 30
0.0
 10
117.7733508481978788
 20
126.7215936579196267
 30
0.0
 10
117.7607814560944348
 20
126.6791294954080342
 30
0.0
 10
117.7467173254705983
 20
126.6384318420569173
 30
0.0
 10
117.7311584563263551
 20
126.59950069786629
 30
0.0
 10
117.714104848661691
 20
126.5623360628361382
 30
0.0
 10
117.6955565024766344
 20
126.5269379369664762
 30
0.0
 10
117.6755134177711568
 20
126.4933063202572896
 30
0.0
 10
117.6539755945452725
 20
126.4614412127085927
 30
0.0
 10
117.6309430327989958
 20
126.4313426143203714
 30
0.0
 10
117.6064157325322981
 20
126.4030105250926397
 30
0.0
 10
117.5803936937451937
 20
126.3764449450253835
 30
0.0
 10
117.5528769164376683
 20
126.351645874118617
 30
0.0
 10
117.493359146261426
 20
126.3057166359460695
 30
0.0
 10
117.4278624220035283
 20
126.2635921867345559
 30
0.0
 10
117.356386743664018
 20
126.2252725264841047
 30
0.0
 10
117.2789321112428667
 20
126.1907576551946732
 30
0.0
 10
117.1954985247400742
 20
126.16004757286629
 30
0.0
 10
117.1060859841556692
 20
126.1331422794989408
 30
0.0
 10
117.010694489489623
 20
126.1100417750926397
 30
0.0
 10
116.9093240407419358
 20
126.0907460596473726
 30
0.0
 10
116.910648922612296
 20
126.1167341271044648
 30
0.0
 10
116.9102752379821908
 20
126.1425183665814984
 30
0.0
 10
116.9082029868516344
 20
126.1680987780784875
 30
0.0
 10
116.9044321692205983
 20
126.1934753615954179
 30
0.0
 10
116.8917948344571442
 20
126.2436170446891026
 30
0.0
 10
116.8723632336918428
 20
126.2929434158625668
 30
0.0
 10
116.8461373669246797
 20
126.3414544751158246
 30
0.0
 10
116.813117234155655
 20
126.3891502224488335
 30
0.0
 10
116.7733028353847828
 20
126.436030657861636
 30
0.0
 10
116.7266941706120633
 20
126.4820957813542179
 30
0.0
 10
116.6732912398374822
 20
126.5273455929265651
 30
0.0
 10
116.6130940430610394
 20
126.571780092578706
 30
0.0
 10
116.5461025802827493
 20
126.6153992803106121
 30
0.0
 10
116.4723168515025975
 20
126.6582031561222976
 30
0.0
 10
116.3917368567205841
 20
126.7001917200137768
 30
0.0
 10
116.3043625959367233
 20
126.7413649719850213
 30
0.0
 10
116.2101940691510151
 20
126.7817229120360452
 30
0.0
 10
116.1092312763634453
 20
126.8212655401668485
 30
0.0
 10
116.1092312763634453
 20
126.9604121078848493
 30
0.0
 10
116.4005694025230042
 20
126.8984484019479169
 30
0.0
 10
116.6484242262706914
 20
126.8517038518551487
 30
0.0
 10
116.7560453997400742
 20
126.8340387602503228
 30
0.0
 10
116.8527957476064927
 20
126.820178457606545
 30
0.0
 10
116.9386752698699468
 20
126.8101229439238011
 30
0.0
 10
117.0136839665304223
 20
126.8038722192021055
 30
0.0
 10
117.0475194112196533
 20
126.8035325059020124
 30
0.0
 10
117.0794524614283745
 20
126.8068616962429047
 30
0.0
 10
117.1094831171565858
 20
126.813859790224825
 30
0.0
 10
117.1376113784042587
 20
126.8245267878477307
 30
0.0
 10
117.1638372451714218
 20
126.838862689111636
 30
0.0
 10
117.1881607174580751
 20
126.856867494016555
 30
0.0
 10
117.21058179526419
 20
126.8785412025624737
 30
0.0
 10
117.231100478589795
 20
126.9038838147494062
 30
0.0
 10
117.2497167674348759
 20
126.932895330577324
 30
0.0
 10
117.266430661799447
 20
126.9655757500462556
 30
0.0
 10
117.2812421616834939
 20
127.0019250731561868
 30
0.0
 10
117.2941512670870168
 20
127.0419432999071176
 30
0.0
 10
117.3051579780100155
 20
127.085630430299048
 30
0.0
 10
117.3142622944525044
 20
127.132986464331978
 30
0.0
 10
117.3214642164144692
 20
127.1840114020059218
 30
0.0
 10
117.3267637438959241
 20
127.238705243320851
 30
0.0
 10
117.4311236696844247
 20
128.6997442043597744
 30
0.0
 10
115.4482850797029698
 20
128.6997442043597744
 30
0.0
 10
115.4482850797029698
 20
126.403825837012846
 30
0.0
 10
115.4504592448235627
 20
126.1407518574210229
 30
0.0
 10
115.4569817401853555
 20
125.8733295475879999
 30
0.0
 10
115.4678525657883199
 20
125.601558907513791
 30
0.0
 10
115.48307172163247
 20
125.3254399371983823
 30
0.0
 10
114.8916988088309807
 20
125.0819334436918666
 30
0.0
 10
114.9069179646751451
 20
125.4515415141927974
 30
0.0
 10
114.9177887902781094
 20
125.7602729613171135
 30
0.0
 10
114.9243112856398881
 20
126.0081277850648007
 30
0.0
 10
114.9264854507604809
 20
126.1951059854358732
 30
0.0
 10
114.9264854507604809
 20
128.6997442043597744
 30
0.0
 10
113.6045930574395157
 20
128.6997442043597744
 30
0.0
 10
113.4926235537289472
 20
128.6981135805193333
 30
0.0
 10
113.3828282151389715
 20
128.6932217089980099
 30
0.0
 10
113.2752070416695744
 20
128.685068589795776
 30
0.0
 10
113.1697600333207845
 20
128.6736542229126599
 30
0.0
 10
113.0664871900925874
 20
128.6589786083486615
 30
0.0
 10
112.965388511984969
 20
128.641041746103781
 30
0.0
 10
112.8664639989979577
 20
128.6198436361779898
 30
0.0
 10
112.7697136511315392
 20
128.5953842785713164
 30
0.0
 10
112.4566338737660516
 20
128.908464055936804
 30
0.0
 10
114.9264854507604809
 20
128.908464055936804
 30
0.0
 10
114.9264854507604809
 20
130.1259965234692686
 30
0.0
 10
114.2307526121705052
 20
130.1259965234692686
 30
0.0
 10
114.1187831084599225
 20
130.1243658996288275
 30
0.0
 10
114.0089877698699468
 20
130.1194740281074758
 30
0.0
 10
113.9013665964005639
 20
130.1113209089052418
 30
0.0
 10
113.7959195880517598
 20
130.0999065420221257
 30
0.0
 10
113.6926467448235627
 20
130.0852309274581273
 30
0.0
 10
113.5915480667159585
 20
130.0672940652132183
 30
0.0
 10
113.4926235537289472
 20
130.0460959552874272
 30
0.0
 10
113.3958732058625287
 20
130.0216365976807538
 30
0.0
 10
113.0827934284970269
 20
130.3347163750462414
 30
0.0
 10
114.9264854507604809
 20
130.3347163750462414
 30
0.0
 10
114.9264854507604809
 20
131.51746220064922
 30
0.0
 10
113.7785262670870168
 20
131.51746220064922
 30
0.0
 10
113.666556763376434
 20
131.5158315768087789
 30
0.0
 10
113.5567614247864583
 20
131.5109397052874272
 30
0.0
 10
113.4491402513170755
 20
131.5027865860852216
 30
0.0
 10
113.3436932429682713
 20
131.4913722192021055
 30
0.0
 10
113.2404203997400742
 20
131.4766966046380787
 30
0.0
 10
113.13932172163247
 20
131.4587597423931982
 30
0.0
 10
113.0403972086454587
 20
131.437561632467407
 30
0.0
 10
112.9436468607790545
 20
131.4131022748607052
 30
0.0
 10
112.6305670834135384
 20
131.7261820522261928
 30
0.0
 10
114.9264854507604809
 20
131.7261820522261928
 30
0.0
 10
114.9264854507604809
 20
131.7261820522261928
 30
0.0
  0
LWPOLYLINE
  5
58
100
AcDbEntity
  8
0
 62
7
420
0
370
-1
 48
1.0
  6
CONTINUOUS
100
AcDbPolyline
 90
61
 70
0
 10
111.6565411093840936
 20
124.9775735179044318
 30
0.0
 10
111.6717602652282579
 20
125.5058956422086993
 30
0.0
 10
111.6826310908312223
 20
125.9776894733775237
 30
0.0
 10
111.6891535861930009
 20
126.3929550114109048
 30
0.0
 10
111.691327751313608
 20
126.7516922563088428
 30
0.0
 10
111.691327751313608
 20
130.5782228685537802
 30
0.0
 10
111.5255476608683267
 20
130.3146053476817769
 30
0.0
 10
111.3586804878627561
 20
130.0629457349730558
 30
0.0
 10
111.1907262322968961
 20
129.8232440304275883
 30
0.0
 10
111.0216848941707326
 20
129.595500234045403
 30
0.0
 10
110.8515564734842798
 20
129.3797143458264713
 30
0.0
 10
110.7660846071809431
 20
129.2763056172782399
 30
0.0
 10
110.6803409702375234
 20
129.1758863657708218
 30
0.0
 10
110.5943255626540349
 20
129.0784565913042172
 30
0.0
 10
110.5080383844304777
 20
128.984016293878426
 30
0.0
 10
110.4214794355668516
 20
128.8925654734934767
 30
0.0
 10
110.3346487160631426
 20
128.8041041301493124
 30
0.0
 10
110.2650754322041422
 20
128.9084640559378272
 30
0.0
 10
110.4199846970464307
 20
129.1299571275983169
 30
0.0
 10
110.571632714207837
 20
129.3596033184610121
 30
0.0
 10
110.7200194836883611
 20
129.5974026285259413
 30
0.0
 10
110.8651450054879888
 20
129.8433550577931044
 30
0.0
 10
111.00700927960672
 20
130.097460606262473
 30
0.0
 10
111.1456123060445691
 20
130.359719273934104
 30
0.0
 10
111.2809540848015359
 20
130.6301310608079405
 30
0.0
 10
111.4130346158775922
 20
130.9086959668840109
 30
0.0
 10
111.5396797341521875
 20
131.1916092032012671
 30
0.0
 10
111.6587152745046865
 20
131.4750659807986608
 30
0.0
 10
111.7701412369351175
 20
131.7590662996761921
 30
0.0
 10
111.8739576214434663
 20
132.0436101598338894
 30
0.0
 10
111.970164428029733
 20
132.3286975612717526
 30
0.0
 10
112.0587616566939317
 20
132.6143285039897535
 30
0.0
 10
112.100206679305245
 20
132.7573478033287984
 30
0.0
 10
112.1397493074360483
 20
132.9005029879878919
 30
0.0
 10
112.1773895410863275
 20
133.043794057967034
 30
0.0
 10
112.2131273802560827
 20
133.1872210132661962
 30
0.0
 10
112.9784335027050588
 20
132.7349946681827078
 30
0.0
 10
112.94785930569671
 20
132.7242597278997778
 30
0.0
 10
112.9170133380482923
 20
132.7094482280157308
 30
0.0
 10
112.8858955997597917
 20
132.6905601685305669
 30
0.0
 10
112.8545060908312223
 20
132.667595549444286
 30
0.0
 10
112.8228448112625841
 20
132.6405543707569166
 30
0.0
 10
112.790911761053863
 20
132.6094366324684017
 30
0.0
 10
112.758706940205073
 20
132.5742423345787984
 30
0.0
 10
112.7262303487162001
 20
132.534971477088078
 30
0.0
 10
112.6934819865872583
 20
132.4916240599962407
 30
0.0
 10
112.6604618538182336
 20
132.4442000833032864
 30
0.0
 10
112.5936062763599779
 20
132.3371224511140554
 30
0.0
 10
112.5256636163414328
 20
132.2137385805203849
 30
0.0
 10
112.4566338737625841
 20
132.0740484715222465
 30
0.0
 10
112.1435540963970823
 20
131.4565855772736143
 30
0.0
 10
111.8304743190315804
 20
130.856516003989725
 30
0.0
 10
112.4914205156920701
 20
130.4738629427652654
 30
0.0
 10
112.2131273802560827
 20
130.2303564492587498
 30
0.0
 10
112.2131273802560827
 20
126.9256254659563297
 30
0.0
 10
112.2153015453766756
 20
126.5712365512995774
 30
0.0
 10
112.2218240407384542
 20
126.1690160039897535
 30
0.0
 10
112.2326948663414186
 20
125.7189638240268579
 30
0.0
 10
112.2479140221855829
 20
125.2210800114108906
 30
0.0
 10
111.6565411093840936
 20
124.9775735179044318
 30
0.0
 10
111.6565411093840936
 20
124.9775735179044318
 30
0.0
  0
LWPOLYLINE
  5
59
100
AcDbEntity
  8
0
 62
7
420
0
370
-1
 48
1.0
  6
CONTINUOUS
100
AcDbPolyline
 90
48
 70
0
 10
122.0924394154941126
 20
131.1000224974958996
 30
0.0
 10
122.0946135806147055
 20
130.0955582117815936
 30
0.0
 10
122.1011360759764841
 20
129.2737237961972028
 30
0.0
 10
122.1060279474978074
 20
128.93129278970369
 30
0.0
 10
122.1120069015794343
 20
128.6345192507426702
 30
0.0
 10
122.1190729382213647
 20
128.3834031793140866
 30
0.0
 10
122.1272260574235986
 20
128.177944575417996
 30
0.0
 10
121.6402130704106241
 20
127.9344380819114804
 30
0.0
 10
121.6402130704106241
 20
128.247517859276968
 30
0.0
 10
120.7705470221731332
 20
128.247517859276968
 30
0.0
 10
120.7727211872937261
 20
127.2234860874773403
 30
0.0
 10
120.7792436826555189
 20
126.3777358555663994
 30
0.0
 10
120.7841355541768564
 20
126.0217163170691776
 30
0.0
 10
120.7901145082584833
 20
125.7102671635441311
 30
0.0
 10
120.7971805449004137
 20
125.4433883949912456
 30
0.0
 10
120.8053336641026334
 20
125.2210800114105353
 30
0.0
 10
120.3183206770896447
 20
125.0123601598335625
 30
0.0
 10
120.3264737962918787
 20
125.2455393690172372
 30
0.0
 10
120.3335398329338091
 20
125.5276372934142586
 30
0.0
 10
120.3395187870154359
 20
125.8586539330246552
 30
0.0
 10
120.3444106585367734
 20
126.2385892878483986
 30
0.0
 10
120.3509331538985521
 20
127.1452161431359684
 30
0.0
 10
120.3531073190191591
 20
128.247517859276968
 30
0.0
 10
119.5182279127111684
 20
128.247517859276968
 30
0.0
 10
119.5182279127111684
 20
127.9692247238409664
 30
0.0
 10
119.031214925698194
 20
127.7952915141934653
 30
0.0
 10
119.0464340815423441
 20
128.2986107396109219
 30
0.0
 10
119.0573049071453084
 20
128.7997557999077571
 30
0.0
 10
119.0638274025070871
 20
129.2987266950840137
 30
0.0
 10
119.0660015676276799
 20
129.7955234251396632
 30
0.0
 10
119.0638274025070871
 20
130.2879718249541554
 30
0.0
 10
119.0573049071453084
 20
130.7738977294068263
 30
0.0
 10
119.0464340815423441
 20
131.2533011384977328
 30
0.0
 10
119.031214925698194
 20
131.7261820522268749
 30
0.0
 10
119.5530145546406686
 20
131.4478889167908449
 30
0.0
 10
120.3531073190191591
 20
131.4478889167908449
 30
0.0
 10
120.3509331538985521
 20
131.8305419780153613
 30
0.0
 10
120.3444106585367734
 20
132.2479816811693638
 30
0.0
 10
120.3335398329338091
 20
132.7002080262528523
 30
0.0
 10
120.3183206770896447
 20
133.1872210132658552
 30
0.0
 10
121.0488401576091206
 20
132.8045679520413387
 30
0.0
 10
120.7705470221731332
 20
132.5958481004643659
 30
0.0
 10
120.7705470221731332
 20
131.4478889167908449
 30
0.0
 10
121.6402130704106241
 20
131.4478889167908449
 30
0.0
 10
121.9185062058465974
 20
131.7261820522268749
 30
0.0
 10
122.3707325509300858
 20
131.273955707143358
 30
0.0
 10
122.0924394154941126
 20
131.1000224974958996
 30
0.0
 10
122.0924394154941126
 20
131.1000224974958996
 30
0.0
  0
LWPOLYLINE
  5
5A
100
AcDbEntity
  8
0
 62
7
420
0
370
-1
 48
1.0
  6
CONTINUOUS
100
AcDbPolyline
 90
6
 70
0
 10
119.5182279127082694
 20
131.2391690652113141
 30
0.0
 10
119.5182279127082694
 20
129.9520633138198207
 30
0.0
 10
120.3531073190162459
 20
129.9520633138198207
 30
0.0
 10
120.3531073190162459
 20
131.2391690652113141
 30
0.0
 10
119.5182279127082694
 20
131.2391690652113141
 30
0.0
 10
119.5182279127082694
 20
131.2391690652113141
 30
0.0
  0
LWPOLYLINE
  5
5B
100
AcDbEntity
  8
0
 62
7
420
0
370
-1
 48
1.0
  6
CONTINUOUS
100
AcDbPolyline
 90
6
 70
0
 10
120.7705470221721384
 20
131.2391690652113141
 30
0.0
 10
120.7705470221721384
 20
129.9520633138198207
 30
0.0
 10
121.6402130704096294
 20
129.9520633138198207
 30
0.0
 10
121.6402130704096294
 20
131.2391690652113141
 30
0.0
 10
120.7705470221721384
 20
131.2391690652113141
 30
0.0
 10
120.7705470221721384
 20
131.2391690652113141
 30
0.0
  0
LWPOLYLINE
  5
5C
100
AcDbEntity
  8
0
 62
7
420
0
370
-1
 48
1.0
  6
CONTINUOUS
100
AcDbPolyline
 90
6
 70
0
 10
119.5182279127082694
 20
129.7433434622454342
 30
0.0
 10
119.5182279127082694
 20
128.4562377108539977
 30
0.0
 10
120.3531073190162459
 20
128.4562377108539977
 30
0.0
 10
120.3531073190162459
 20
129.7433434622454342
 30
0.0
 10
119.5182279127082694
 20
129.7433434622454342
 30
0.0
 10
119.5182279127082694
 20
129.7433434622454342
 30
0.0
  0
LWPOLYLINE
  5
5D
100
AcDbEntity
  8
0
 62
7
420
0
370
-1
 48
1.0
  6
CONTINUOUS
100
AcDbPolyline
 90
6
 70
0
 10
120.7705470221721384
 20
129.7433434622454342
 30
0.0
 10
120.7705470221721384
 20
128.4562377108539977
 30
0.0
 10
121.6402130704096294
 20
128.4562377108539977
 30
0.0
 10
121.6402130704096294
 20
129.7433434622454342
 30
0.0
 10
120.7705470221721384
 20
129.7433434622454342
 30
0.0
 10
120.7705470221721384
 20
129.7433434622454342
 30
0.0
  0
LWPOLYLINE
  5
5E
100
AcDbEntity
  8
0
 62
7
420
0
370
-1
 48
1.0
  6
CONTINUOUS
100
AcDbPolyline
 90
236
 70
0
 10
122.1967993412816043
 20
132.3871282488858014
 30
0.0
 10
124.9797306956415213
 20
132.3871282488858014
 30
0.0
 10
125.3275971149365091
 20
132.7349946681807467
 30
0.0
 10
125.849396743878998
 20
132.2131950392382578
 30
0.0
 10
125.5015303245840101
 20
132.0740484715202854
 30
0.0
 10
123.1708253153075816
 20
129.5694102525963558
 30
0.0
 10
125.8841833858085124
 20
129.5694102525963558
 30
0.0
 10
126.2320498051034861
 20
129.917276671891301
 30
0.0
 10
126.7190627921164889
 20
129.4302636848783266
 30
0.0
 10
126.4059830147509871
 20
129.1867571913718393
 30
0.0
 10
126.3214623456879053
 20
128.5179296461492129
 30
0.0
 10
126.2418335481461611
 20
127.9203060086260137
 30
0.0
 10
126.1670966221257544
 20
127.3938862788022703
 30
0.0
 10
126.0972515676266852
 20
126.9386704566779684
 30
0.0
 10
126.0641634921976504
 20
126.7377640110031081
 30
0.0
 10
126.0322983846489535
 20
126.5546585422531081
 30
0.0
 10
126.0016562449805804
 20
126.3893540504279684
 30
0.0
 10
125.9722370731925452
 20
126.2418505355276892
 30
0.0
 10
125.9440408692848479
 20
126.1121479975522703
 30
0.0
 10
125.9170676332574885
 20
126.0002464365017119
 30
0.0
 10
125.8913173651104529
 20
125.9061458523760137
 30
0.0
 10
125.8667900648437552
 20
125.829846245175176
 30
0.0
 10
125.8406321407366164
 20
125.7637380369771307
 30
0.0
 10
125.8099900010682433
 20
125.7002116498597957
 30
0.0
 10
125.77486364583865
 20
125.6392670838231567
 30
0.0
 10
125.7352530750478365
 20
125.5809043388672137
 30
0.0
 10
125.6911582886957888
 20
125.525123414991981
 30
0.0
 10
125.6425792867825351
 20
125.4719243121974586
 30
0.0
 10
125.589516069308047
 20
125.4213070304836322
 30
0.0
 10
125.5319686362723246
 20
125.373271569850516
 30
0.0
 10
125.4699369876753963
 20
125.3278179302981101
 30
0.0
 10
125.4034211235172336
 20
125.2849461118264003
 30
0.0
 10
125.3324210437978365
 20
125.2446561144353865
 30
0.0
 10
125.2569367485172336
 20
125.2069479381250972
 30
0.0
 10
125.1769682376753963
 20
125.1718215828954897
 30
0.0
 10
125.0925155112723388
 20
125.1392770487466066
 30
0.0
 10
125.003578569308047
 20
125.1093143356784196
 30
0.0
 10
124.9101574117825351
 20
125.0819334436909429
 30
0.0
 10
124.8859698248159305
 20
125.1505555303096884
 30
0.0
 10
124.8568903663279883
 20
125.2172752224479098
 30
0.0
 10
124.8229190363187229
 20
125.282092520105607
 30
0.0
 10
124.7840558347881057
 20
125.3450074232827944
 30
0.0
 10
124.740300761736151
 20
125.4060199319794435
 30
0.0
 10
124.691653817162873
 20
125.4651300461955969
 30
0.0
 10
124.6381150010682433
 20
125.5223377659312121
 30
0.0
 10
124.5796843134522902
 20
125.5776430911863173
 30
0.0
 10
124.5163617543149996
 20
125.6310460219609126
 30
0.0
 10
124.4481473236563716
 20
125.6825465582549697
 30
0.0
 10
124.3750410214764059
 20
125.7321447000685168
 30
0.0
 10
124.297042847775117
 20
125.7798404474015399
 30
0.0
 10
124.2141528025524764
 20
125.8256338002540389
 30
0.0
 10
124.1263708858085124
 20
125.869524758626028
 30
0.0
 10
124.0336970975431967
 20
125.911513322517493
 30
0.0
 10
123.9361314377565577
 20
125.9515994919284338
 30
0.0
 10
123.9709180796860579
 20
126.0907460596464489
 30
0.0
 10
124.3068265908177921
 20
125.9972569594609126
 30
0.0
 10
124.584032643693476
 20
125.9255095104813051
 30
0.0
 10
124.7006222482853133
 20
125.8977889051937353
 30
0.0
 10
124.802536238313138
 20
125.8755037127076548
 30
0.0
 10
124.8897746137769644
 20
125.8586539330230494
 30
0.0
 10
124.9623373746767783
 20
125.8472395661399332
 30
0.0
 10
124.9946101381855925
 20
125.8439103757990267
 30
0.0
 10
125.0262034750942206
 20
125.8426194652586787
 30
0.0
 10
125.0571173854026625
 20
125.8433668345188892
 30
0.0
 10
125.0873518691109183
 20
125.8461524835796439
 30
0.0
 10
125.1169069262189879
 20
125.8509764124409571
 30
0.0
 10
125.1457825567268713
 20
125.857838621102843
 30
0.0
 10
125.1739787606345686
 20
125.8667391095652732
 30
0.0
 10
125.201495537942094
 20
125.8776778778282477
 30
0.0
 10
125.2283328886494189
 20
125.8906549258917948
 30
0.0
 10
125.2544908127565577
 20
125.9056702537559005
 30
0.0
 10
125.304768381170291
 20
125.941815748885773
 30
0.0
 10
125.3523282431832797
 20
125.9861143632178653
 30
0.0
 10
125.3971703987955095
 20
126.0385660967522057
 30
0.0
 10
125.4082450523785468
 20
126.0555008047618344
 30
0.0
 10
125.419727361921673
 20
126.0780407822229847
 30
0.0
 10
125.4439149488882776
 20
126.1399365454998787
 30
0.0
 10
125.4697331596953376
 20
126.2242533865829017
 30
0.0
 10
125.4971819943428244
 20
126.3309913054720539
 30
0.0
 10
125.5262614528307665
 20
126.460150302167321
 30
0.0
 10
125.5569715351591498
 20
126.6117303766687172
 30
0.0
 10
125.5893122413279883
 20
126.7857315289762283
 30
0.0
 10
125.623283571337268
 20
126.9821537590898686
 30
0.0
 10
125.6588855251869887
 20
127.2009970670096237
 30
0.0
 10
125.6961181028771506
 20
127.442261452735508
 30
0.0
 10
125.7754751297788118
 20
127.9920534576056355
 30
0.0
 10
125.8613546520422659
 20
128.6315297737002652
 30
0.0
 10
125.9537566696674986
 20
129.360690401019383
 30
0.0
 10
125.3623837568660235
 20
129.360690401019383
 30
0.0
 10
125.2954602367477435
 20
129.1461274806807751
 30
0.0
 10
125.2251395836285468
 20
128.9372717437837537
 30
0.0
 10
125.1514217975084193
 20
128.7341231903282619
 30
0.0
 10
125.0743068783873611
 20
128.5366818203143566
 30
0.0
 10
124.993794826265372
 20
128.3449476337420094
 30
0.0
 10
124.9098856411424521
 20
128.1589206306111919
 30
0.0
 10
124.8225793230186156
 20
127.9786008109219466
 30
0.0
 10
124.7318758718938483
 20
127.8039881746742736
 30
0.0
 10
124.6377752877681502
 20
127.6350827218681445
 30
0.0
 10
124.5402775706415213
 20
127.4718844525035735
 30
0.0
 10
124.4393827205139758
 20
127.3143933665805605
 30
0.0
 10
124.3350907373854994
 20
127.1626094640991056
 30
0.0
 10
124.2274016212560923
 20
127.016532745059223
 30
0.0
 10
124.1163153721257544
 20
126.8761632094608842
 30
0.0
 10
124.0018319899944998
 20
126.7415008573041035
 30
0.0
 10
123.8839514748623145
 20
126.6125456885888951
 30
0.0
 10
123.7618585148089636
 20
126.4883465060749899
 30
0.0
 10
123.634737797914255
 20
126.3679521125221186
 30
0.0
 10
123.5025893241781745
 20
126.2513625079302813
 30
0.0
 10
123.365413093600722
 20
126.1385776922994921
 30
0.0
 10
123.2232091061818835
 20
126.029597665629737
 30
0.0
 10
123.0759773619216872
 20
125.9244224279210158
 30
0.0
 10
122.9237178608201049
 20
125.8230519791733428
 30
0.0
 10
122.7664306028771506
 20
125.7254863193867038
 30
0.0
 10
122.6041155880928386
 20
125.6317254485610988
 30
0.0
 10
122.4367728164671405
 20
125.541769366696542
 30
0.0
 10
122.2644022880000705
 20
125.4556180737930049
 30
0.0
 10
122.0870040026916286
 20
125.373271569850516
 30
0.0
 10
121.9045779605418147
 20
125.2947298548690753
 30
0.0
 10
121.717124161550629
 20
125.2199929288486544
 30
0.0
 10
121.5246426057180713
 20
125.1490607917892817
 30
0.0
 10
121.3271332930441275
 20
125.0819334436909429
 30
0.0
 10
121.3271332930441275
 20
125.2210800114089437
 30
0.0
 10
121.5240990644379195
 20
125.3139576276543039
 30
0.0
 10
121.7149499964300361
 20
125.4099606062605119
 30
0.0
 10
121.8996860890204772
 20
125.5090889472275819
 30
0.0
 10
122.0783073422092571
 20
125.611342650555514
 30
0.0
 10
122.2508137559963615
 20
125.7167217162442938
 30
0.0
 10
122.4172053303817904
 20
125.8252261442939215
 30
0.0
 10
122.5774820653655581
 20
125.9368559347044112
 30
0.0
 10
122.7316439609476504
 20
126.0516110874757487
 30
0.0
 10
122.8796910171280814
 20
126.1694916026079341
 30
0.0
 10
123.021623233906837
 20
126.2904974801009814
 30
0.0
 10
123.1574406112839313
 20
126.4146287199548908
 30
0.0
 10
123.2871431492593501
 20
126.5418853221696338
 30
0.0
 10
123.4107308478330935
 20
126.672267286745253
 30
0.0
 10
123.5282037070051615
 20
126.8057746136817059
 30
0.0
 10
123.6395617267755824
 20
126.9424073029790208
 30
0.0
 10
123.7448049071443137
 20
127.0821653546371834
 30
0.0
 10
123.8448844453516386
 20
127.2235540301357872
 30
0.0
 10
123.9407515386378265
 20
127.3650785909544254
 30
0.0
 10
124.0324061870028487
 20
127.5067390370931122
 30
0.0
 10
124.1198483904467196
 20
127.6485353685518334
 30
0.0
 10
124.2030781489694533
 20
127.7904675853305889
 30
0.0
 10
124.2820954625710357
 20
127.9325356874293789
 30
0.0
 10
124.3569003312514525
 20
128.0747396748482174
 30
0.0
 10
124.4274927550107321
 20
128.2170795475870761
 30
0.0
 10
124.4938727338488604
 20
128.3595553056459835
 30
0.0
 10
124.5560402677658374
 20
128.5021669490249394
 30
0.0
 10
124.6139953567616629
 20
128.6449144777239155
 30
0.0
 10
124.6677380008363372
 20
128.7877978917429402
 30
0.0
 10
124.71726819998986
 20
128.9308171910819851
 30
0.0
 10
124.7625859542222315
 20
129.0739723757410786
 30
0.0
 10
124.8036912635334659
 20
129.2172634457202207
 30
0.0
 10
124.8405841279235347
 20
129.360690401019383
 30
0.0
 10
124.1796379312630449
 20
129.360690401019383
 30
0.0
 10
124.1135297230649996
 20
129.2144098539994275
 30
0.0
 10
124.0456550057064646
 20
129.071254669340334
 30
0.0
 10
123.9760137791874541
 20
128.9312248470421025
 30
0.0
 10
123.9046060435079539
 20
128.7943203871047047
 30
0.0
 10
123.831431798667964
 20
128.6605412895281688
 30
0.0
 10
123.7564910446675128
 20
128.529887554312495
 30
0.0
 10
123.6797837815065577
 20
128.4023591814576832
 30
0.0
 10
123.6013100091851271
 20
128.2779561709637051
 30
0.0
 10
123.521069727703221
 20
128.1566785228305889
 30
0.0
 10
123.4390629370608252
 20
128.0385262370583348
 30
0.0
 10
123.3552896372579539
 20
127.9234993136469143
 30
0.0
 10
123.2697498282945929
 20
127.8115977525963558
 30
0.0
 10
123.1824435101707564
 20
127.7028215539066451
 30
0.0
 10
123.0933706828864302
 20
127.5971707175777965
 30
0.0
 10
123.0025313464416286
 20
127.4946452436098099
 30
0.0
 10
122.9099255008363372
 20
127.3952451320026569
 30
0.0
 10
122.8155531460705703
 20
127.2989703827563659
 30
0.0
 10
122.7194142821443137
 20
127.2058209958709369
 30
0.0
 10
122.6215089090575816
 20
127.1157969713463558
 30
0.0
 10
122.5218370268103598
 20
127.0288983091826225
 30
0.0
 10
122.4203986354026625
 20
126.9451250093797512
 30
0.0
 10
122.3171937348344755
 20
126.8644770719377277
 30
0.0
 10
122.2122223251058131
 20
126.7869544968565521
 30
0.0
 10
122.1054844062166751
 20
126.7125572841362384
 30
0.0
 10
121.9969799781670332
 20
126.6412854337767726
 30
0.0
 10
121.88670904095693
 20
126.5731389457781688
 30
0.0
 10
121.7746715945863372
 20
126.5081178201404128
 30
0.0
 10
121.6608676390552546
 20
126.4462220568635047
 30
0.0
 10
121.5452971743636965
 20
126.3874516559474586
 30
0.0
 10
121.4279602005116487
 20
126.3318066173922603
 30
0.0
 10
121.3088567174991255
 20
126.279286941197924
 30
0.0
 10
121.1879867253261267
 20
126.2298926273644355
 30
0.0
 10
121.1532000833966407
 20
126.3342525531529503
 30
0.0
 10
121.2609571421860579
 20
126.4025009551415764
 30
0.0
 10
121.3668118064949653
 20
126.472447923630682
 30
0.0
 10
121.4707640763233485
 20
126.5440934586202388
 30
0.0
 10
121.5728139516712076
 20
126.6174375601102753
 30
0.0
 10
121.6729614325385569
 20
126.6924802281007629
 30
0.0
 10
121.7712065189253821
 20
126.769221462591716
 30
0.0
 10
121.8675492108316973
 20
126.8476612635831344
 30
0.0
 10
121.9619895082574885
 20
126.9277996310750183
 30
0.0
 10
122.0545274112027556
 20
127.0096365650673675
 30
0.0
 10
122.1451629196674986
 20
127.0931720655601822
 30
0.0
 10
122.2338960336517317
 20
127.1784061325534481
 30
0.0
 10
122.3207267531554407
 20
127.2653387660471935
 30
0.0
 10
122.4056550781786257
 20
127.3539699660413902
 30
0.0
 10
122.4886810087213007
 20
127.4442997325360665
 30
0.0
 10
122.5698045447834517
 20
127.5363280655311939
 30
0.0
 10
122.6490256863650927
 20
127.6300549650267868
 30
0.0
 10
122.7263444334661955
 20
127.7254804310228451
 30
0.0
 10
122.8017607860867884
 20
127.8226044635193688
 30
0.0
 10
122.8752747442268713
 20
127.9214270625163579
 30
0.0
 10
122.946886307886416
 20
128.0219482280137981
 30
0.0
 10
123.016595477065465
 20
128.1241679600117038
 30
0.0
 10
123.0844022517639758
 20
128.2280862585101033
 30
0.0
 10
123.1503066319819766
 20
128.3337031235089398
 30
0.0
 10
123.2143086177194533
 20
128.4410185550082417
 30
0.0
 10
123.2764082089764059
 20
128.550032553008009
 30
0.0
 10
123.3366054057528487
 20
128.6607451175082417
 30
0.0
 10
123.3949002080487531
 20
128.7731562485089398
 30
0.0
 10
123.4512926158641619
 20
128.8872659460101033
 30
0.0
 10
123.5057826291990324
 20
129.0030742100117322
 30
0.0
 10
123.558370248053393
 20
129.1205810405137981
 30
0.0
 10
123.6090554724272437
 20
129.2397864375163579
 30
0.0
 10
123.6578383023205561
 20
129.360690401019383
 30
0.0
 10
123.1360386733780672
 20
129.360690401019383
 30
0.0
 10
122.7881722540830935
 20
129.0823972655833813
 30
0.0
 10
122.3707325509290911
 20
129.6041968945258418
 30
0.0
 10
122.7185989702240931
 20
129.7085568203143282
 30
0.0
 10
124.9797306956415213
 20
132.1784083973087434
 30
0.0
 10
123.3447585249550684
 20
132.1784083973087434
 30
0.0
 10
123.2327890212444998
 20
132.1767777734683023
 30
0.0
 10
123.1229936826545099
 20
132.1718859019469789
 30
0.0
 10
123.0153725091851271
 20
132.163732782744745
 30
0.0
 10
122.9099255008363372
 20
132.1523184158616289
 30
0.0
 10
122.8066526576081259
 20
132.1376428012976305
 30
0.0
 10
122.7055539795005217
 20
132.11970593905275
 30
0.0
 10
122.6066294665135104
 20
132.0985078291269588
 30
0.0
 10
122.5098791186470919
 20
132.0740484715202854
 30
0.0
 10
122.1967993412816043
 20
132.3871282488858014
 30
0.0
 10
122.1967993412816043
 20
132.3871282488858014
 30
0.0
  0
LWPOLYLINE
  5
5F
100
AcDbEntity
  8
0
 62
7
420
0
370
-1
 48
1.0
  6
CONTINUOUS
100
AcDbPolyline
 90
34
 70
0
 10
138.2067620846907516
 20
129.2215438332990516
 30
0.0
 10
138.9024949232807273
 20
128.8736774140040211
 30
0.0
 10
138.6242017878447257
 20
128.6649575624270483
 30
0.0
 10
138.4366800461935156
 20
128.339376335618141
 30
0.0
 10
138.2567678824643735
 20
128.0409721728166517
 30
0.0
 10
138.0844652966573278
 20
127.7697450740225946
 30
0.0
 10
138.001167595474584
 20
127.6443229236283514
 30
0.0
 10
137.9197722887723785
 20
127.5256950392359556
 30
0.0
 10
137.8402793765506544
 20
127.4138614208454214
 30
0.0
 10
137.7626888588094687
 20
127.3088220684567347
 30
0.0
 10
137.6870007355488212
 20
127.2105769820699095
 30
0.0
 10
137.6132150067686553
 20
127.1191261616849317
 30
0.0
 10
137.5413316724690276
 20
127.0344696073018156
 30
0.0
 10
137.4713507326499382
 20
126.9566073189205611
 30
0.0
 10
137.4032721873113587
 20
126.8855392965411539
 30
0.0
 10
137.3370960364532891
 20
126.8212655401636084
 30
0.0
 10
137.2675227525942603
 20
126.8908388240225804
 30
0.0
 10
137.3610118527797965
 20
127.0555318319075724
 30
0.0
 10
137.450152622724147
 20
127.2191377572322466
 30
0.0
 10
137.5349450624273118
 20
127.3816565999966315
 30
0.0
 10
137.6153891718892908
 20
127.5430883602007128
 30
0.0
 10
137.6914849511100556
 20
127.7034330378445048
 30
0.0
 10
137.7632324000896631
 20
127.8626906329279933
 30
0.0
 10
137.8306315188280564
 20
128.0208611454511924
 30
0.0
 10
137.893682307325264
 20
128.1779445754140738
 30
0.0
 10
137.9518412243011483
 20
128.3312232164159354
 30
0.0
 10
138.0045647284755432
 20
128.4779793620560326
 30
0.0
 10
138.0518528198484489
 20
128.6182130123343086
 30
0.0
 10
138.0937054984198937
 20
128.7519241672508201
 30
0.0
 10
138.1301227641898208
 20
128.8791128268055672
 30
0.0
 10
138.1611046171582871
 20
128.9997789909984931
 30
0.0
 10
138.186651057325264
 20
129.1139226598296545
 30
0.0
 10
138.2067620846907516
 20
129.2215438332990516
 30
0.0
 10
138.2067620846907516
 20
129.2215438332990516
 30
0.0
  0
LWPOLYLINE
  5
60
100
AcDbEntity
  8
0
 62
7
420
0
370
-1
 48
1.0
  6
CONTINUOUS
100
AcDbPolyline
 90
56
 70
0
 10
141.163626648700756
 20
129.047610623653469
 30
0.0
 10
141.3299502804262033
 20
128.912268844896488
 30
0.0
 10
141.4810547563074579
 20
128.7845366440616033
 30
0.0
 10
141.6169400763445765
 20
128.6644140211487866
 30
0.0
 10
141.7376062405375023
 20
128.5519009761580662
 30
0.0
 10
141.8430532488863207
 20
128.4469975090894422
 30
0.0
 10
141.9332811013909463
 20
128.3497036199428578
 30
0.0
 10
142.0082897980514076
 20
128.2600193087183982
 30
0.0
 10
142.068079338867733
 20
128.1779445754159781
 30
0.0
 10
142.1169980540811082
 20
128.1018487961951848
 30
0.0
 10
142.1593942739326906
 20
128.0301013472156058
 30
0.0
 10
142.1952679984224801
 20
127.9627022284771982
 30
0.0
 10
142.2246192275505052
 20
127.8996514399799764
 30
0.0
 10
142.2474479613167375
 20
127.8409489817239546
 30
0.0
 10
142.2637541997212054
 20
127.7865948537091185
 30
0.0
 10
142.273537942763852
 20
127.7365890559354682
 30
0.0
 10
142.2767991904447626
 20
127.6909315884030036
 30
0.0
 10
142.2746250253241556
 20
127.639566937428981
 30
0.0
 10
142.2681025299623911
 20
127.5898329102953852
 30
0.0
 10
142.2572317043594126
 20
127.541729507002259
 30
0.0
 10
142.2420125485152482
 20
127.4952567275495596
 30
0.0
 10
142.2224450624299266
 20
127.4504145719373156
 30
0.0
 10
142.1985292461033907
 20
127.4072030401654985
 30
0.0
 10
142.1702650995356692
 20
127.3656221322341509
 30
0.0
 10
142.1376526227267334
 20
127.3256718481432301
 30
0.0
 10
142.0724276691089472
 20
127.2571856468445191
 30
0.0
 10
142.043076439980922
 20
127.2302803534771698
 30
0.0
 10
142.015899375973504
 20
127.2082669316311581
 30
0.0
 10
141.990896477086693
 20
127.1911453813064981
 30
0.0
 10
141.9680677433204607
 20
127.1789157025031614
 30
0.0
 10
141.9474131746748071
 20
127.171577895221148
 30
0.0
 10
141.9289327711497606
 20
127.1691319594604863
 30
0.0
 10
141.9161595510662721
 20
127.1702190420207899
 30
0.0
 10
141.9039298722629212
 20
127.1734802897016721
 30
0.0
 10
141.8922437347397363
 20
127.1789157025031614
 30
0.0
 10
141.8811011384966889
 20
127.1865252804252293
 30
0.0
 10
141.8604465698510637
 20
127.2082669316311723
 30
0.0
 10
141.8419661663259888
 20
127.2387052433194867
 30
0.0
 10
141.8256599279215493
 20
127.2778402154901727
 30
0.0
 10
141.8115278546376885
 20
127.3256718481432301
 30
0.0
 10
141.7995699464744348
 20
127.3822001412786733
 30
0.0
 10
141.7897862034317598
 20
127.447425094896488
 30
0.0
 10
141.7626091394243417
 20
127.5430883602026171
 30
0.0
 10
141.7332579102963166
 20
127.638751625508732
 30
0.0
 10
141.7017325160477128
 20
127.7344148908148469
 30
0.0
 10
141.6680329566785304
 20
127.830078156120976
 30
0.0
 10
141.6321592321887124
 20
127.9257414214271051
 30
0.0
 10
141.5941113425783442
 20
128.0214046867332343
 30
0.0
 10
141.5538892878473405
 20
128.1170679520393492
 30
0.0
 10
141.5114930679957581
 20
128.2127312173454641
 30
0.0
 10
141.420178132930829
 20
128.4040577479577223
 30
0.0
 10
141.3201665373835283
 20
128.5953842785699521
 30
0.0
 10
141.2114582813538277
 20
128.7867108091821819
 30
0.0
 10
141.0940533648417556
 20
128.9780373397944402
 30
0.0
 10
141.163626648700756
 20
129.047610623653469
 30
0.0
 10
141.163626648700756
 20
129.047610623653469
 30
0.0
  0
LWPOLYLINE
  5
61
100
AcDbEntity
  8
0
 62
7
420
0
370
-1
 48
1.0
  6
CONTINUOUS
100
AcDbPolyline
 90
178
 70
0
 10
139.424294552222733
 20
125.8472395661415248
 30
0.0
 10
139.6710622934101309
 20
125.8157141718929211
 30
0.0
 10
139.8895658880298072
 20
125.7907112730060959
 30
0.0
 10
140.0798053360817335
 20
125.7722308694810494
 30
0.0
 10
140.2417806375659666
 20
125.7602729613177956
 30
0.0
 10
140.2774505340757116
 20
125.7595255920575852
 30
0.0
 10
140.3105386095047606
 20
125.7616318145181538
 30
0.0
 10
140.3410448638530852
 20
125.7665916286995156
 30
0.0
 10
140.3689692971207137
 20
125.7744050346016422
 30
0.0
 10
140.3943119093076177
 20
125.7850720322245621
 30
0.0
 10
140.4170727004138541
 20
125.7985926215682468
 30
0.0
 10
140.4372516704393661
 20
125.8149668026327248
 30
0.0
 10
140.4548488193841536
 20
125.8341945754179676
 30
0.0
 10
140.4698641472482734
 20
125.8562759399240036
 30
0.0
 10
140.4822976540316688
 20
125.8812108961508187
 30
0.0
 10
140.4921493397343397
 20
125.9089994440984128
 30
0.0
 10
140.499419204356343
 20
125.9396415837667718
 30
0.0
 10
140.5041072478976218
 20
125.9731373151559239
 30
0.0
 10
140.5062134703582046
 20
126.0094866382658552
 30
0.0
 10
140.5057378717380629
 20
126.0486895530965512
 30
0.0
 10
140.5026804520372252
 20
126.0907460596480405
 30
0.0
 10
140.5026804520372252
 20
129.9868499557519499
 30
0.0
 10
139.6678010457292203
 20
129.9868499557519499
 30
0.0
 10
139.6580173026865737
 20
129.7145357743975751
 30
0.0
 10
139.6460593945232915
 20
129.4541795012064824
 30
0.0
 10
139.6319273212394307
 20
129.2057811361786435
 30
0.0
 10
139.6156210828349913
 20
128.9693406793140866
 30
0.0
 10
139.5971406793099447
 20
128.7448581306127835
 30
0.0
 10
139.5764861106642911
 20
128.5323334900747625
 30
0.0
 10
139.5536573768980588
 20
128.3317667576999952
 30
0.0
 10
139.5286544780112195
 20
128.14315793348851
 30
0.0
 10
139.5143185767473142
 20
128.0517071131035323
 30
0.0
 10
139.4974008544026844
 20
127.9599845220784715
 30
0.0
 10
139.4779013109773587
 20
127.867990160413342
 30
0.0
 10
139.4558199464713368
 20
127.7757240281081437
 30
0.0
 10
139.431156760884619
 20
127.6831861251628766
 30
0.0
 10
139.4039117542171766
 20
127.5903764515775407
 30
0.0
 10
139.3740849264690382
 20
127.4972950073521218
 30
0.0
 10
139.3416762776401754
 20
127.40394179248662
 30
0.0
 10
139.3066858077306449
 20
127.3103168069810636
 30
0.0
 10
139.2691135167403615
 20
127.2164200508354241
 30
0.0
 10
139.2289594046694106
 20
127.122251524049716
 30
0.0
 10
139.1862234715177351
 20
127.0278112266239248
 30
0.0
 10
139.1409057172853636
 20
126.9330991585580648
 30
0.0
 10
139.0930061419722961
 20
126.8381153198521218
 30
0.0
 10
139.0425247455785041
 20
126.7428597105061243
 30
0.0
 10
138.989461528104016
 20
126.6473323305200296
 30
0.0
 10
138.9321858657083624
 20
126.5512614092537973
 30
0.0
 10
138.8690671345511305
 20
126.4543751760673445
 30
0.0
 10
138.8001053346322919
 20
126.3566736309606569
 30
0.0
 10
138.7253004659518751
 20
126.2581567739337629
 30
0.0
 10
138.6446525285098517
 20
126.1588246049866342
 30
0.0
 10
138.5581615223062215
 20
126.0586771241192849
 30
0.0
 10
138.4658274473410131
 20
125.9577143313317151
 30
0.0
 10
138.3676503036142265
 20
125.8559362266239106
 30
0.0
 10
138.2636300911258047
 20
125.7533428099958996
 30
0.0
 10
138.1537668098758047
 20
125.649934081447654
 30
0.0
 10
138.0380604598642265
 20
125.5457100409792019
 30
0.0
 10
137.9165110410910131
 20
125.4406706885905152
 30
0.0
 10
137.7891185535562499
 20
125.3348160242816078
 30
0.0
 10
137.6558829972598517
 20
125.22814604805248
 30
0.0
 10
137.5168043722018751
 20
125.1206607599031315
 30
0.0
 10
137.3718826783823204
 20
125.0123601598335625
 30
0.0
 10
137.3023093945232915
 20
125.1515067275515634
 30
0.0
 10
137.4091152560724538
 20
125.2511786097987851
 30
0.0
 10
137.5121163286605963
 20
125.3501710654458208
 30
0.0
 10
137.6113126122876622
 20
125.4484840944926702
 30
0.0
 10
137.7067041069537368
 20
125.5461176969393193
 30
0.0
 10
137.7982908126587347
 20
125.6430718727857965
 30
0.0
 10
137.8860727294027129
 20
125.7393466220320875
 30
0.0
 10
137.9700498571856428
 20
125.8349419446781923
 30
0.0
 10
138.0502221960075246
 20
125.9298578407241109
 30
0.0
 10
138.1265897458683867
 20
126.0240943101698434
 30
0.0
 10
138.1991525067682005
 20
126.1176513530153898
 30
0.0
 10
138.2679104787069662
 20
126.2105289692607499
 30
0.0
 10
138.332863661684712
 20
126.3027271589059239
 30
0.0
 10
138.3940120557014097
 20
126.394245921950926
 30
0.0
 10
138.4513556607570592
 20
126.4850852583957277
 30
0.0
 10
138.504894476851689
 20
126.5752451682403432
 30
0.0
 10
138.5546285039852705
 20
126.6647256514847868
 30
0.0
 10
138.6462152096902685
 20
126.8435507326536111
 30
0.0
 10
138.7296487961930609
 20
127.023462896382739
 30
0.0
 10
138.7683081697436194
 20
127.1138266342074274
 30
0.0
 10
138.8049292634936194
 20
127.2044621426721704
 30
0.0
 10
138.8395120774430609
 20
127.2953694217769964
 30
0.0
 10
138.8720566115919439
 20
127.3865484715218912
 30
0.0
 10
138.9025628659402685
 20
127.4779992919068548
 30
0.0
 10
138.9310308404880345
 20
127.5697218829319013
 30
0.0
 10
138.9574605352352705
 20
127.6617162445970166
 30
0.0
 10
138.9818519501819196
 20
127.7539823769022149
 30
0.0
 10
139.0042050853280102
 20
127.8465202798474678
 30
0.0
 10
139.0245199406735708
 20
127.9393299534328179
 30
0.0
 10
139.0427965162185444
 20
128.0324113976582225
 30
0.0
 10
139.059034811962988
 20
128.1257646125237102
 30
0.0
 10
139.0875707291707783
 20
128.3184499963363407
 30
0.0
 10
139.1123018574175489
 20
128.522549747032059
 30
0.0
 10
139.1332281967032714
 20
128.7380638646109219
 30
0.0
 10
139.1503497470279456
 20
128.9649923490728725
 30
0.0
 10
139.1636665083915716
 20
129.2033352004179676
 30
0.0
 10
139.1731784807941779
 20
129.4530924186461789
 30
0.0
 10
139.1788856642357359
 20
129.7142640037575063
 30
0.0
 10
139.1807880587162458
 20
129.9868499557519499
 30
0.0
 10
138.5894151459147849
 20
129.9868499557519499
 30
0.0
 10
138.4774456422042022
 20
129.9852193319114804
 30
0.0
 10
138.3676503036142265
 20
129.9803274603901571
 30
0.0
 10
138.2600291301448294
 20
129.9721743411879231
 30
0.0
 10
138.1545821217960395
 20
129.960759974304807
 30
0.0
 10
138.0513092785678282
 20
129.9460843597407802
 30
0.0
 10
137.950210600460224
 20
129.9281474974958996
 30
0.0
 10
137.8512860874731984
 20
129.9069493875701085
 30
0.0
 10
137.75453573960678
 20
129.8824900299634351
 30
0.0
 10
137.4414559622412924
 20
130.1955698073289227
 30
0.0
 10
139.7721609715177351
 20
130.1955698073289227
 30
0.0
 10
139.7721609715177351
 20
131.4826755587204161
 30
0.0
 10
139.041641490998245
 20
131.4826755587204161
 30
0.0
 10
138.9296719872876622
 20
131.481044934879975
 30
0.0
 10
138.8198766486976865
 20
131.4761530633586233
 30
0.0
 10
138.7122554752283179
 20
131.4679999441563893
 30
0.0
 10
138.6068084668795279
 20
131.4565855772732732
 30
0.0
 10
138.5035356236513167
 20
131.4419099627092464
 30
0.0
 10
138.4024369455437125
 20
131.4239731004643659
 30
0.0
 10
138.3035124325566869
 20
131.4027749905385747
 30
0.0
 10
138.2067620846902685
 20
131.3783156329319013
 30
0.0
 10
137.8936823073247808
 20
131.6913954102973605
 30
0.0
 10
139.7721609715177351
 20
131.6913954102973605
 30
0.0
 10
139.769986806397128
 20
132.1631892414661991
 30
0.0
 10
139.7634643110353636
 20
132.569758119017223
 30
0.0
 10
139.7585724395140119
 20
132.7485832001860615
 30
0.0
 10
139.752593485432385
 20
132.9111020429504322
 30
0.0
 10
139.7455274487904546
 20
133.0573146473103634
 30
0.0
 10
139.7373743295882207
 20
133.1872210132658552
 30
0.0
 10
140.4678938101077392
 20
132.8741412359003675
 30
0.0
 10
140.224387316601252
 20
132.6306347423938519
 30
0.0
 10
140.224387316601252
 20
131.6913954102973605
 30
0.0
 10
141.1636266486976865
 20
131.6913954102973605
 30
0.0
 10
141.5462797099221746
 20
132.0740484715219054
 30
0.0
 10
142.1028659807941494
 20
131.4826755587204161
 30
0.0
 10
140.224387316601252
 20
131.4826755587204161
 30
0.0
 10
140.224387316601252
 20
130.1955698073289227
 30
0.0
 10
141.615852993781175
 20
130.1955698073289227
 30
0.0
 10
141.998506055005663
 20
130.5782228685534392
 30
0.0
 10
142.5550923258776379
 20
129.9868499557519499
 30
0.0
 10
140.9549067971207421
 20
129.9868499557519499
 30
0.0
 10
140.9549067971207421
 20
125.8124529242120389
 30
0.0
 10
140.9525967466800864
 20
125.7483150531545277
 30
0.0
 10
140.9456665953582046
 20
125.6863513472176095
 30
0.0
 10
140.9341163431550399
 20
125.6265618064012841
 30
0.0
 10
140.917945990070649
 20
125.5689464307055516
 30
0.0
 10
140.8971555361049468
 20
125.513505220130412
 30
0.0
 10
140.8717449812580185
 20
125.4602381746758653
 30
0.0
 10
140.8417143255298072
 20
125.4091452943419114
 30
0.0
 10
140.8070635689203414
 20
125.3602265791285646
 30
0.0
 10
140.767792711429621
 20
125.3134820290357965
 30
0.0
 10
140.7239017530576461
 20
125.2689116440636212
 30
0.0
 10
140.6753906938043883
 20
125.2265154242120531
 30
0.0
 10
140.622259533669876
 20
125.1862933694810636
 30
0.0
 10
140.5645082726541091
 20
125.1482454798706669
 30
0.0
 10
140.5021369107570877
 20
125.1123717553808774
 30
0.0
 10
140.4351454479787833
 20
125.0786721960116665
 30
0.0
 10
140.3635338843192244
 20
125.0471468017630627
 30
0.0
 10
140.3435587422737569
 20
125.1027238976582368
 30
0.0
 10
140.3184199580668974
 20
125.1563985990729009
 30
0.0
 10
140.2881175316986173
 20
125.2081709060070267
 30
0.0
 10
140.2526514631689452
 20
125.2580408184606426
 30
0.0
 10
140.2120217524778525
 20
125.3060083364337487
 30
0.0
 10
140.1662283996253393
 20
125.3520734599263164
 30
0.0
 10
140.115271404611434
 20
125.3962361889383743
 30
0.0
 10
140.0591507674361083
 20
125.4384965234699223
 30
0.0
 10
139.997866488099362
 20
125.478854463520932
 30
0.0
 10
139.9314185666012236
 20
125.5173100090914318
 30
0.0
 10
139.8598070029416647
 20
125.5538631601814075
 30
0.0
 10
139.7830317971207137
 20
125.5885139167908733
 30
0.0
 10
139.7010929491383422
 20
125.6212622789198008
 30
0.0
 10
139.6139904589945502
 20
125.6521082465682326
 30
0.0
 10
139.5217243266893377
 20
125.6810518197361262
 30
0.0
 10
139.424294552222733
 20
125.7080929984235098
 30
0.0
 10
139.424294552222733
 20
125.8472395661415248
 30
0.0
 10
139.424294552222733
 20
125.8472395661415248
 30
0.0
  0
LWPOLYLINE
  5
62
100
AcDbEntity
  8
0
 62
7
420
0
370
-1
 48
1.0
  6
CONTINUOUS
100
AcDbPolyline
 90
136
 70
0
 10
142.6246656097375478
 20
125.0819334436880013
 30
0.0
 10
142.6328187289397533
 20
125.4724678534746545
 30
0.0
 10
142.6398847655816837
 20
125.8961582813503526
 30
0.0
 10
142.6507555911846339
 20
126.8430071913689119
 30
0.0
 10
142.6572780865464267
 20
127.9224801737436792
 30
0.0
 10
142.6594522516670054
 20
129.1345772284746545
 30
0.0
 10
142.6572780865464267
 20
130.3140618063967224
 30
0.0
 10
142.6507555911846339
 20
131.2956973583447677
 30
0.0
 10
142.6458637196633106
 20
131.712321749578507
 30
0.0
 10
142.6398847655816837
 20
132.0794838843187904
 30
0.0
 10
142.6328187289397533
 20
132.3971837625655326
 30
0.0
 10
142.6246656097375478
 20
132.665421384318762
 30
0.0
 10
143.1116785967505223
 20
132.3175549650238167
 30
0.0
 10
144.5031442739304737
 20
132.3175549650238167
 30
0.0
 10
144.8510106932254473
 20
132.665421384318762
 30
0.0
 10
145.3380236802384502
 20
132.1784083973057875
 30
0.0
 10
145.0249439028729626
 20
132.0044751876583007
 30
0.0
 10
143.9465580030584704
 20
129.6737701783819148
 30
0.0
 10
144.1767477352013316
 20
129.4297201435952616
 30
0.0
 10
144.2818550302500569
 20
129.3138099656036104
 30
0.0
 10
144.3803039446169407
 20
129.2019763472130762
 30
0.0
 10
144.4720944783020116
 20
129.0942192884236306
 30
0.0
 10
144.557226631305241
 20
128.9905387892353303
 30
0.0
 10
144.6357004036266858
 20
128.8909348496481186
 30
0.0
 10
144.7075157952662892
 20
128.7954074696620523
 30
0.0
 10
144.7726728062240795
 20
128.7039566492770746
 30
0.0
 10
144.8311714365000569
 20
128.6165823884932138
 30
0.0
 10
144.8830116860942212
 20
128.53328468731047
 30
0.0
 10
144.9281935550065441
 20
128.4540635457288431
 30
0.0
 10
144.9667170432370824
 20
128.3789189637483048
 30
0.0
 10
144.9985821507857793
 20
128.3078509413689119
 30
0.0
 10
145.0237888776526631
 20
128.2408594785906075
 30
0.0
 10
145.042337223837734
 20
128.1779445754134485
 30
0.0
 10
145.0956042692922665
 20
127.9518314028716759
 30
0.0
 10
145.1165306085779605
 20
127.851819807324361
 30
0.0
 10
145.1336521589026347
 20
127.7605048722594319
 30
0.0
 10
145.1469689202662607
 20
127.6778865976768742
 30
0.0
 10
145.156480892668867
 20
127.603964983576688
 30
0.0
 10
145.1621880761104251
 20
127.5387400299588734
 30
0.0
 10
145.164090470590935
 20
127.4822117368234444
 30
0.0
 10
145.1632072160107043
 20
127.4345159894904214
 30
0.0
 10
145.160557452269984
 20
127.3870920127974671
 30
0.0
 10
145.1561411793687739
 20
127.3399398067445958
 30
0.0
 10
145.1499583973071026
 20
127.2930593713317933
 30
0.0
 10
145.1420091060849131
 20
127.2464507065590738
 30
0.0
 10
145.1322933057022624
 20
127.200113812426423
 30
0.0
 10
145.1075621774555202
 20
127.1082553360813421
 30
0.0
 10
145.0757650125668476
 20
127.0174839422965505
 30
0.0
 10
145.0369018110362163
 20
126.9277996310720624
 30
0.0
 10
144.9909725728636829
 20
126.8392024024078637
 30
0.0
 10
144.9379772980491907
 20
126.7516922563039543
 30
0.0
 10
144.9086940115812183
 20
126.7088883804922688
 30
0.0
 10
144.877372445312659
 20
126.6674433578809413
 30
0.0
 10
144.8440125992435412
 20
126.6273571884700004
 30
0.0
 10
144.8086144733738934
 20
126.5886298722594319
 30
0.0
 10
144.7711780677036586
 20
126.5512614092492214
 30
0.0
 10
144.7317033822328938
 20
126.5152517994393975
 30
0.0
 10
144.6901904169615705
 20
126.4806010428299317
 30
0.0
 10
144.6466391718896602
 20
126.4473091394208382
 30
0.0
 10
144.60104964701722
 20
126.4153760892121312
 30
0.0
 10
144.5534218423442212
 20
126.3848018922037824
 30
0.0
 10
144.503755757870664
 20
126.3555865483958058
 30
0.0
 10
144.4520513935965198
 20
126.3277300577882016
 30
0.0
 10
144.3983087495218456
 20
126.3012324203809698
 30
0.0
 10
144.3425278256466413
 20
126.276093636174096
 30
0.0
 10
144.2847086219708501
 20
126.2523137051676088
 30
0.0
 10
144.2248511384945004
 20
126.2298926273614939
 30
0.0
 10
144.2050118817690816
 20
126.2857414938967366
 30
0.0
 10
144.180280753522311
 20
126.3402315072316213
 30
0.0
 10
144.1506577537542171
 20
126.3933626673661337
 30
0.0
 10
144.1161428824647999
 20
126.4451349743002737
 30
0.0
 10
144.0767361396540309
 20
126.4955484280340414
 30
0.0
 10
144.0324375253219387
 20
126.5446030285674368
 30
0.0
 10
143.9832470394684947
 20
126.5922987759004599
 30
0.0
 10
143.9291646820937274
 20
126.6386356700331106
 30
0.0
 10
143.8701904531976368
 20
126.683613710965389
 30
0.0
 10
143.8063243527801944
 20
126.7272328986972951
 30
0.0
 10
143.7375663808414288
 20
126.7694932332288289
 30
0.0
 10
143.6639165373813114
 20
126.8103947145600046
 30
0.0
 10
143.5853748223998707
 20
126.8499373426908079
 30
0.0
 10
143.5019412358970783
 20
126.8881211176212389
 30
0.0
 10
143.413615777872991
 20
126.9249460393512976
 30
0.0
 10
143.3203984483275235
 20
126.960412107880984
 30
0.0
 10
143.3203984483275235
 20
127.0995586755989706
 30
0.0
 10
143.6247815652106397
 20
127.0375949696620381
 30
0.0
 10
143.8769847191994984
 20
126.99085041956927
 30
0.0
 10
143.9835188101085919
 20
126.973185327964444
 30
0.0
 10
144.0770079102940997
 20
126.9593250253206662
 30
0.0
 10
144.1574520197560787
 20
126.9492695116379224
 30
0.0
 10
144.2248511384945004
 20
126.9430187869162268
 30
0.0
 10
144.2547459089026631
 20
126.9420675896759576
 30
0.0
 10
144.2835535967505223
 20
126.9435623281963643
 30
0.0
 10
144.3112742020380779
 20
126.9475030024774469
 30
0.0
 10
144.3379077247653584
 20
126.9538896125191769
 30
0.0
 10
144.3634541649323353
 20
126.9627221583215828
 30
0.0
 10
144.3879135225390087
 20
126.9740006398846646
 30
0.0
 10
144.4112857975853785
 20
126.987725057208408
 30
0.0
 10
144.4335709900714733
 20
127.0038954102928273
 30
0.0
 10
144.4547690999972644
 20
127.0225116991379082
 30
0.0
 10
144.4748801273627521
 20
127.0435739237436508
 30
0.0
 10
144.4939040721679362
 20
127.0670820841100692
 30
0.0
 10
144.5118409344128452
 20
127.0930361802371493
 30
0.0
 10
144.5286907140974506
 20
127.1214362121249053
 30
0.0
 10
144.5444534112217525
 20
127.1522821797733229
 30
0.0
 10
144.5727175577894741
 20
127.2213119223521716
 30
0.0
 10
144.5971769153961475
 20
127.2933311419718478
 30
0.0
 10
144.6183750253219387
 20
127.3615455726304759
 30
0.0
 10
144.6363118875668476
 20
127.42595521432807
 30
0.0
 10
144.650987502130846
 20
127.486560067064616
 30
0.0
 10
144.6624018690139621
 20
127.5433601308401421
 30
0.0
 10
144.6705549882161961
 20
127.5963554056546201
 30
0.0
 10
144.6754468597375194
 20
127.6455458915080641
 30
0.0
 10
144.6770774835779605
 20
127.6909315884004741
 30
0.0
 10
144.6743597771772158
 20
127.7558847713781915
 30
0.0
 10
144.6662066579750103
 20
127.8289910735581429
 30
0.0
 10
144.6526181259712871
 20
127.9102504949403283
 30
0.0
 10
144.6335941811660746
 20
127.9996630355247476
 30
0.0
 10
144.6091348235594012
 20
128.0972286953113723
 30
0.0
 10
144.5792400531512385
 20
128.2029474743002595
 30
0.0
 10
144.5439098699415865
 20
128.3168193724913237
 30
0.0
 10
144.5031442739304737
 20
128.4388443898846504
 30
0.0
 10
144.479907884204124
 20
128.5026425476420684
 30
0.0
 10
144.4536820174369609
 20
128.5679354439199074
 30
0.0
 10
144.4244666736289844
 20
128.6347230787181388
 30
0.0
 10
144.3922618527801944
 20
128.7030054520367912
 30
0.0
 10
144.3188837799601458
 20
128.8440544142353019
 30
0.0
 10
144.2335477989768435
 20
128.9910823305154679
 30
0.0
 10
144.1362539098302875
 20
129.1440892008772323
 30
0.0
 10
144.0270021125204494
 20
129.303075025320652
 30
0.0
 10
143.9057924070473575
 20
129.4680398038456985
 30
0.0
 10
143.772624793411012
 20
129.6389835364523719
 30
0.0
 10
144.5379309158599881
 20
132.1088351134468439
 30
0.0
 10
143.0768919548210363
 20
132.1088351134468439
 30
0.0
 10
143.0768919548210363
 20
125.3254399371945169
 30
0.0
 10
142.6246656097375478
 20
125.0819334436880013
 30
0.0
 10
142.6246656097375478
 20
125.0819334436880013
 30
0.0
  0
LWPOLYLINE
  5
63
100
AcDbEntity
  8
0
 62
7
420
0
370
-1
 48
1.0
  6
CONTINUOUS
100
AcDbPolyline
 90
58
 70
0
 10
151.3561126800538545
 20
132.9437145197575205
 30
0.0
 10
151.5311329722616449
 20
132.8423440710098475
 30
0.0
 10
151.6909341086252709
 20
132.746952576343773
 30
0.0
 10
151.8355160891447611
 20
132.6575400357593537
 30
0.0
 10
151.9648789138200868
 20
132.5741064492565897
 30
0.0
 10
152.0790225826512483
 20
132.4966518168354241
 30
0.0
 10
152.1779470956382738
 20
132.4251761384959138
 30
0.0
 10
152.2616524527811066
 20
132.3596794142380304
 30
0.0
 10
152.3301386540798319
 20
132.3001616440618022
 30
0.0
 10
152.3863951765751779
 20
132.2436333509263591
 30
0.0
 10
152.4334114973080148
 20
132.1871050577909159
 30
0.0
 10
152.4711876162783426
 20
132.1305767646555012
 30
0.0
 10
152.4866106001025514
 20
132.1023126180877796
 30
0.0
 10
152.499723533486133
 20
132.074048471520058
 30
0.0
 10
152.5105264164290588
 20
132.0457843249523364
 30
0.0
 10
152.5190192489313858
 20
132.0175201783846148
 30
0.0
 10
152.5252020309930856
 20
131.9892560318168933
 30
0.0
 10
152.5290747626141297
 20
131.9609918852491717
 30
0.0
 10
152.5306374437945465
 20
131.9327277386814501
 30
0.0
 10
152.5298900745343644
 20
131.9044635921137285
 30
0.0
 10
152.5268326548335267
 20
131.8761994455460069
 30
0.0
 10
152.5214651846920333
 20
131.8479352989783138
 30
0.0
 10
152.5070613407681037
 20
131.7935811709634777
 30
0.0
 10
152.4899397904434579
 20
131.7435753731898274
 30
0.0
 10
152.4701005337180391
 20
131.6979179056573628
 30
0.0
 10
152.4475435705918756
 20
131.656608768366084
 30
0.0
 10
152.4222689010649674
 20
131.6196479613159909
 30
0.0
 10
152.394276525137343
 20
131.5870354845070835
 30
0.0
 10
152.3635664428089456
 20
131.558771337939362
 30
0.0
 10
152.3301386540798319
 20
131.5348555216128261
 30
0.0
 10
152.2670878655825959
 20
131.4968076320024295
 30
0.0
 10
152.2170820678089456
 20
131.469630567994983
 30
0.0
 10
152.1801212607588525
 20
131.4533243295905152
 30
0.0
 10
152.1665327287551577
 20
131.4492477699893982
 30
0.0
 10
152.1562054444323451
 20
131.4478889167890259
 30
0.0
 10
152.1390838941076709
 20
131.4489759993493294
 30
0.0
 10
152.1225058850631342
 20
131.45223724703024
 30
0.0
 10
152.1064714172987635
 20
131.4576726598317009
 30
0.0
 10
152.0909804908145304
 20
131.4652822377537973
 30
0.0
 10
152.0616292616865053
 20
131.487023888959726
 30
0.0
 10
152.0344521976790872
 20
131.5174622006480547
 30
0.0
 10
152.0094492987922479
 20
131.5565971728187549
 30
0.0
 10
151.9866205650260156
 20
131.6044288054718265
 30
0.0
 10
151.9659659963803904
 20
131.6609570986072413
 30
0.0
 10
151.9474855928553154
 20
131.7261820522250559
 30
0.0
 10
151.9325382076512483
 20
131.7753725380784999
 30
0.0
 10
151.913786033486133
 20
131.8272807303326601
 30
0.0
 10
151.8912290703599695
 20
131.8819066289875934
 30
0.0
 10
151.8648673182727862
 20
131.9392502340432429
 30
0.0
 10
151.8347007772245547
 20
131.9993115454996371
 30
0.0
 10
151.8007294472152751
 20
132.0620905633567759
 30
0.0
 10
151.7213724203135996
 20
132.1958017182733158
 30
0.0
 10
151.6267962375677598
 20
132.3403836987927775
 30
0.0
 10
151.5170008989777841
 20
132.4958365049152462
 30
0.0
 10
151.3919864045436441
 20
132.6621601366406651
 30
0.0
 10
151.2517527542653681
 20
132.8393545939690625
 30
0.0
 10
151.3561126800538545
 20
132.9437145197575205
 30
0.0
 10
151.3561126800538545
 20
132.9437145197575205
 30
0.0
  0
LWPOLYLINE
  5
64
100
AcDbEntity
  8
0
 62
7
420
0
370
-1
 48
1.0
  6
CONTINUOUS
100
AcDbPolyline
 90
322
 70
0
 10
153.1650181143853047
 20
126.0211727757864395
 30
0.0
 10
153.5824578175392787
 20
127.5169983787549057
 30
0.0
 10
153.7216043852572795
 20
127.4822117368254197
 30
0.0
 10
153.6607277618806791
 20
126.9886762544506524
 30
0.0
 10
153.6368119455541432
 20
126.7761516139126314
 30
0.0
 10
153.6172444594687931
 20
126.5864557071408285
 30
0.0
 10
153.6020253036246288
 20
126.4195885341352721
 30
0.0
 10
153.5911544780216502
 20
126.2755500948959337
 30
0.0
 10
153.5846319826598858
 20
126.1543403894228419
 30
0.0
 10
153.5824578175392787
 20
126.0559594177159823
 30
0.0
 10
153.5851755239400234
 20
125.9695363541723765
 30
0.0
 10
153.5933286431422573
 20
125.8842003731890742
 30
0.0
 10
153.6069171751459521
 20
125.7999514747660754
 30
0.0
 10
153.6259411199511646
 20
125.716789658903366
 30
0.0
 10
153.6504004775578665
 20
125.6347149256009459
 30
0.0
 10
153.6802952479660291
 20
125.5537272748588151
 30
0.0
 10
153.7156254311756811
 20
125.4738267066769879
 30
0.0
 10
153.7563910271868224
 20
125.39501322105545
 30
0.0
 10
153.7705231004706832
 20
125.3624007442465569
 30
0.0
 10
153.7781326783927511
 20
125.3341365976788353
 30
0.0
 10
153.7794915315931235
 20
125.3216351482354298
 30
0.0
 10
153.7792197609530263
 20
125.3102207813523137
 30
0.0
 10
153.7773173664725164
 20
125.2998934970294869
 30
0.0
 10
153.773784348151537
 20
125.2906532952669636
 30
0.0
 10
153.7618264399882833
 20
125.2754341394227993
 30
0.0
 10
153.7433460364632367
 20
125.2645633138198349
 30
0.0
 10
153.7183431375764258
 20
125.2580408184580563
 30
0.0
 10
153.686817743327822
 20
125.2558666533374492
 30
0.0
 10
153.6547488077990522
 20
125.2568178505777183
 30
0.0
 10
153.6194186245894002
 20
125.2596714422984974
 30
0.0
 10
153.5389745151274212
 20
125.2710858091816135
 30
0.0
 10
153.445485414941885
 20
125.2901097539868118
 30
0.0
 10
153.3389513240327915
 20
125.3167432767140781
 30
0.0
 10
153.2193722424001407
 20
125.3509863773634407
 30
0.0
 10
153.0867481700439328
 20
125.3928390559348713
 30
0.0
 10
152.9410791069641675
 20
125.4423013124283841
 30
0.0
 10
152.782365053160845
 20
125.499373146843979
 30
0.0
 10
152.6989314666580526
 20
125.5330727062131757
 30
0.0
 10
152.6138672563148191
 20
125.5732947609441652
 30
0.0
 10
152.5271724221311445
 20
125.6200393110369333
 30
0.0
 10
152.4388469641070287
 20
125.6733063564914801
 30
0.0
 10
152.3488908822424719
 20
125.7330958973078054
 30
0.0
 10
152.2573041765374455
 20
125.7994079334859094
 30
0.0
 10
152.1640868469920065
 20
125.8722424650257921
 30
0.0
 10
152.0692388936060979
 20
125.9515994919274675
 30
0.0
 10
151.9727603163797482
 20
126.0374790141909074
 30
0.0
 10
151.8746511153129575
 20
126.1298810318161401
 30
0.0
 10
151.7749112904057256
 20
126.2288055448031514
 30
0.0
 10
151.6735408416580526
 20
126.3342525531519414
 30
0.0
 10
151.5705397690699385
 20
126.4462220568625241
 30
0.0
 10
151.4659080726413549
 20
126.5647140559348856
 30
0.0
 10
151.3596457523723302
 20
126.6897285503690256
 30
0.0
 10
151.2517528082628928
 20
126.8212655401649442
 30
0.0
 10
151.116139258865843
 20
126.6842931375675505
 30
0.0
 10
150.9788950856283805
 20
126.5516690652113283
 30
0.0
 10
150.8400202885504484
 20
126.4233933230963061
 30
0.0
 10
150.6995148676320753
 20
126.2994659112224696
 30
0.0
 10
150.557378822873261
 20
126.1798868295898188
 30
0.0
 10
150.4136121542740057
 20
126.0646560781983538
 30
0.0
 10
150.2682148618343092
 20
125.9537736570480746
 30
0.0
 10
150.1211869455541432
 20
125.8472395661389811
 30
0.0
 10
149.9725284054335646
 20
125.7450538054710734
 30
0.0
 10
149.8222392414725164
 20
125.6472163750443514
 30
0.0
 10
149.6703194536710271
 20
125.5537272748588293
 30
0.0
 10
149.5167690420290967
 20
125.4645865049144788
 30
0.0
 10
149.3615880065467252
 20
125.3797940652113283
 30
0.0
 10
149.2047763472239126
 20
125.2993499557493635
 30
0.0
 10
149.0463340640606305
 20
125.2232541765285845
 30
0.0
 10
148.8862611570569356
 20
125.1515067275489912
 30
0.0
 10
148.8514745151274212
 20
125.2906532952670062
 30
0.0
 10
149.022825903694212
 20
125.4041175374979815
 30
0.0
 10
149.1890136500996107
 20
125.5183970916491916
 30
0.0
 10
149.3500377543435604
 20
125.633491957720608
 30
0.0
 10
149.5058982164261181
 20
125.7494021357122591
 30
0.0
 10
149.6565950363472837
 20
125.8661276256241308
 30
0.0
 10
149.8021282141070287
 20
125.9836684274562373
 30
0.0
 10
149.9424977497053533
 20
126.1020245412085501
 30
0.0
 10
150.0777036431422857
 20
126.2211959668810977
 30
0.0
 10
150.2077458944177693
 20
126.3411827044738516
 30
0.0
 10
150.3326245035318891
 20
126.4619847539868402
 30
0.0
 10
150.45233947048456
 20
126.5836021154200495
 30
0.0
 10
150.5668907952758389
 20
126.7060347887734792
 30
0.0
 10
150.6762784779057256
 20
126.8292827740471296
 30
0.0
 10
150.7805025183741634
 20
126.9533460712410005
 30
0.0
 10
150.8795629166812375
 20
127.0782246803550919
 30
0.0
 10
150.9734596728268627
 20
127.2039186013894181
 30
0.0
 10
150.8883954624836292
 20
127.3694269211946164
 30
0.0
 10
150.8071360411014439
 20
127.544175442762338
 30
0.0
 10
150.7296814086803067
 20
127.7281641660925828
 30
0.0
 10
150.6560315652201893
 20
127.921393091185351
 30
0.0
 10
150.5861865107211202
 20
128.1238622180406423
 30
0.0
 10
150.5201462451830707
 20
128.335571546658457
 30
0.0
 10
150.4579107686060979
 20
128.5565210770387807
 30
0.0
 10
150.3994800809901449
 20
128.7867108091816419
 30
0.0
 10
150.3448541823352116
 20
129.0261407430870122
 30
0.0
 10
150.2940330726413549
 20
129.2748108787549199
 30
0.0
 10
150.2470167519084896
 20
129.5327212161853367
 30
0.0
 10
150.2038052201367009
 20
129.799871755378291
 30
0.0
 10
150.1643984773259319
 20
130.0762624963337544
 30
0.0
 10
150.1287965234762112
 20
130.3618934390517552
 30
0.0
 10
150.0969993585875386
 20
130.6567645835322651
 30
0.0
 10
150.0690069826598858
 20
130.9608759297753124
 30
0.0
 10
147.3208622702294974
 20
130.9608759297753124
 30
0.0
 10
147.2860756282999546
 20
129.2911171171593594
 30
0.0
 10
148.8862611570569356
 20
129.2911171171593594
 30
0.0
 10
149.1993409344224233
 20
129.638983536454333
 30
0.0
 10
149.7211405633649122
 20
129.1519705494413586
 30
0.0
 10
149.4080607859993961
 20
128.9084640559348998
 30
0.0
 10
149.3808837219919781
 20
128.4141132616398977
 30
0.0
 10
149.3515324928639529
 20
127.9746601366398977
 30
0.0
 10
149.3360415663797482
 20
127.7755202001255128
 30
0.0
 10
149.3200070986153492
 20
127.5901046809348856
 30
0.0
 10
149.3034290895708409
 20
127.4184135790679875
 30
0.0
 10
149.2863075392461667
 20
127.2604468945248612
 30
0.0
 10
149.2686424476413549
 20
127.1162046273054642
 30
0.0
 10
149.2504338147563772
 20
126.9856867774098248
 30
0.0
 10
149.2316816405912618
 20
126.868893344837943
 30
0.0
 10
149.2123859251459805
 20
126.7658243295897904
 30
0.0
 10
149.1925466684205901
 20
126.6764797316654096
 30
0.0
 10
149.1721638704150052
 20
126.6008595510647581
 30
0.0
 10
149.1512375311293113
 20
126.5389637877878641
 30
0.0
 10
149.1297676505634513
 20
126.4907924418347136
 30
0.0
 10
149.1068030314771704
 20
126.4499589031635622
 30
0.0
 10
149.0813924766302137
 20
126.41007656173268
 30
0.0
 10
149.0535359860226094
 20
126.3711454175420386
 30
0.0
 10
149.0232335596543294
 20
126.3331654705916662
 30
0.0
 10
148.9904851975254019
 20
126.2961367208815631
 30
0.0
 10
148.9552908996357701
 20
126.2600591684117006
 30
0.0
 10
148.9176506659854908
 20
126.2249328131821073
 30
0.0
 10
148.8775644965745641
 20
126.1907576551927832
 30
0.0
 10
148.8350323914029332
 20
126.157533694443714
 30
0.0
 10
148.7900543504706548
 20
126.1252609309348998
 30
0.0
 10
148.7426303737777005
 20
126.0939393646663405
 30
0.0
 10
148.6927604613240987
 20
126.0635689956380503
 30
0.0
 10
148.5856828291348677
 20
126.0056818493022348
 30
0.0
 10
148.4688214539029616
 20
125.9515994919274533
 30
0.0
 10
148.4529228714586111
 20
126.0117966887038961
 30
0.0
 10
148.4313171055727025
 20
126.0706350322799665
 30
0.0
 10
148.4040041562452643
 20
126.1281145226556646
 30
0.0
 10
148.3709840234762396
 20
126.1842351598309904
 30
0.0
 10
148.3322567072656568
 20
126.238996943805958
 30
0.0
 10
148.287822207613516
 20
126.2923998745805392
 30
0.0
 10
148.237680524519817
 20
126.344443952154748
 30
0.0
 10
148.1818316579845884
 20
126.3951291765285845
 30
0.0
 10
148.1202756080077734
 20
126.4444555477020486
 30
0.0
 10
148.0530123745894002
 20
126.4924230656751547
 30
0.0
 10
147.980041957729469
 20
126.5390317304478742
 30
0.0
 10
147.9013643574279797
 20
126.5842815420202214
 30
0.0
 10
147.8169795736849323
 20
126.6281725003922105
 30
0.0
 10
147.7268876065003269
 20
126.6707046055638131
 30
0.0
 10
147.6310884558741634
 20
126.7118778575350575
 30
0.0
 10
147.5295821218064418
 20
126.7516922563059296
 30
0.0
 10
147.5295821218064418
 20
126.8908388240239162
 30
0.0
 10
148.0905167229196309
 20
126.803872219200187
 30
0.0
 10
148.4514281329381902
 20
126.7516922563059296
 30
0.0
 10
148.483293240486887
 20
126.7487707219251263
 30
0.0
 10
148.5136636095151914
 20
126.748702779265102
 30
0.0
 10
148.5425392400230749
 20
126.7514884283258709
 30
0.0
 10
148.5699201320105374
 20
126.7571276691074047
 30
0.0
 10
148.5958062854776074
 20
126.7656205016097175
 30
0.0
 10
148.6201977004242849
 20
126.7769669258328236
 30
0.0
 10
148.6430943768505415
 20
126.7911669417766944
 30
0.0
 10
148.6644963147563772
 20
126.8082205494413586
 30
0.0
 10
148.6844035141418203
 20
126.8281277488267875
 30
0.0
 10
148.7028159750068426
 20
126.8508885399330097
 30
0.0
 10
148.7197336973514723
 20
126.8765029227599967
 30
0.0
 10
148.7351566811756811
 20
126.904970897307777
 30
0.0
 10
148.749084926479469
 20
126.9362924635763221
 30
0.0
 10
148.7615184332628644
 20
126.9704676215656605
 30
0.0
 10
148.7724572015258673
 20
127.0074963712757778
 30
0.0
 10
148.7819012312684492
 20
127.0473787127066743
 30
0.0
 10
148.7905978917508207
 20
127.0940553201394181
 30
0.0
 10
148.7992945522331922
 20
127.1514668678550919
 30
0.0
 10
148.8166878731979352
 20
127.2984947841352579
 30
0.0
 10
148.8340811941626782
 20
127.4884624615471296
 30
0.0
 10
148.8514745151274212
 20
127.7213699000907354
 30
0.0
 10
148.8688678360921926
 20
127.9972170997660612
 30
0.0
 10
148.8862611570569356
 20
128.3160040605731069
 30
0.0
 10
148.9036544780216786
 20
128.677730782511901
 30
0.0
 10
148.9210477989864216
 20
129.0823972655823866
 30
0.0
 10
147.2860756282999546
 20
129.0823972655823866
 30
0.0
 10
147.278330165057838
 20
128.9036401270735723
 30
0.0
 10
147.268138766055074
 20
128.7282801215656889
 30
0.0
 10
147.2555014312916057
 20
128.5563172490587363
 30
0.0
 10
147.24041816076749
 20
128.3877515095527144
 30
0.0
 10
147.2228889544826984
 20
128.222582903047595
 30
0.0
 10
147.2029138124372594
 20
128.0608114295434348
 30
0.0
 10
147.180492734631116
 20
127.9024370890401912
 30
0.0
 10
147.1556257210643253
 20
127.7474598815378641
 30
0.0
 10
147.128312771736887
 20
127.5958798070364679
 30
0.0
 10
147.0985538866487445
 20
127.4476968655360025
 30
0.0
 10
147.0663490657999546
 20
127.3029110570364679
 30
0.0
 10
147.0316983091904888
 20
127.1615223815378641
 30
0.0
 10
146.9946016168203755
 20
127.0235308390401769
 30
0.0
 10
146.955058988689558
 20
126.8889364295434206
 30
0.0
 10
146.913070424798093
 20
126.757739153047595
 30
0.0
 10
146.8686359251459805
 20
126.6299390095527002
 30
0.0
 10
146.8217554897331638
 20
126.5055359990587363
 30
0.0
 10
146.7724291185596996
 20
126.3845301215656889
 30
0.0
 10
146.7206568116255596
 20
126.2669213770735723
 30
0.0
 10
146.6664385689307721
 20
126.1527097655823866
 30
0.0
 10
146.6097743904752804
 20
126.0418952870921174
 30
0.0
 10
146.5506642762591412
 20
125.9344779416027933
 30
0.0
 10
146.4891082262823261
 20
125.8304577291143858
 30
0.0
 10
146.4251062405448636
 20
125.729834649626909
 30
0.0
 10
146.3586583190467252
 20
125.6326087031403631
 30
0.0
 10
146.2897644617879109
 20
125.5387798896547338
 30
0.0
 10
146.2184246687684208
 20
125.4483482091700353
 30
0.0
 10
146.1446389399882833
 20
125.3613136616862676
 30
0.0
 10
146.0684072754474698
 20
125.2776762472034306
 30
0.0
 10
145.9897296751459805
 20
125.1974359657215246
 30
0.0
 10
145.9086061390838154
 20
125.1205928172405351
 30
0.0
 10
145.8250366672610028
 20
125.0471468017604906
 30
0.0
 10
145.7554633834020024
 20
125.1515067275489912
 30
0.0
 10
145.8651907793319822
 20
125.3131423157331312
 30
0.0
 10
145.9682597945801206
 20
125.4762726424376638
 30
0.0
 10
146.0646704291464459
 20
125.6408977076626172
 30
0.0
 10
146.1544226830309583
 20
125.8070175114079774
 30
0.0
 10
146.2375165562336576
 20
125.9746320536737443
 30
0.0
 10
146.3139520487545155
 20
126.1437413344599321
 30
0.0
 10
146.3837291605935889
 20
126.3143453537665124
 30
0.0
 10
146.4468478917508207
 20
126.4864441115934994
 30
0.0
 10
146.5033082422262396
 20
126.6600376079409074
 30
0.0
 10
146.5531102120198454
 20
126.835125842808722
 30
0.0
 10
146.5962538011316099
 20
127.0117088161969434
 30
0.0
 10
146.6327390095615613
 20
127.1897865281055573
 30
0.0
 10
146.6625658373097281
 20
127.3693589785345921
 30
0.0
 10
146.6749823584281103
 20
127.4597057306942673
 30
0.0
 10
146.6857342843760534
 20
127.5504261674840478
 30
0.0
 10
146.6948216151535291
 20
127.6415202889039193
 30
0.0
 10
146.7022443507605658
 20
127.7329880949538961
 30
0.0
 10
146.708002491197135
 20
127.824829585633978
 30
0.0
 10
146.7120960364632367
 20
127.917044760944151
 30
0.0
 10
146.734924770229469
 20
128.6116905169738516
 30
0.0
 10
146.7512310086339369
 20
129.2171955030592017
 30
0.0
 10
146.7610147516765835
 20
129.7335597192002012
 30
0.0
 10
146.7642759993574941
 20
130.1607831653968503
 30
0.0
 10
146.762101834236887
 20
130.5303912358977811
 30
0.0
 10
146.7555793388751226
 20
130.873909324951569
 30
0.0
 10
146.744708513272144
 20
131.1913374325582708
 30
0.0
 10
146.7294893574279797
 20
131.4826755587178297
 30
0.0
 10
147.355648912158955
 20
131.1695957813523421
 30
0.0
 10
150.0342203407303998
 20
131.1695957813523421
 30
0.0
 10
149.9385570754242565
 20
132.2131950392373199
 30
0.0
 10
149.860287131082913
 20
133.048074445545268
 30
0.0
 10
150.7647398212498899
 20
132.7002080262502943
 30
0.0
 10
150.5212333277434027
 20
132.4219148908142927
 30
0.0
 10
150.5223204103036778
 20
132.2805941579757132
 30
0.0
 10
150.5255816579845884
 20
132.134925094895948
 30
0.0
 10
150.5310170707860777
 20
131.9849077015749685
 30
0.0
 10
150.5386266487081457
 20
131.8305419780128318
 30
0.0
 10
150.5484103917508207
 20
131.6718279242094809
 30
0.0
 10
150.5603682999140744
 20
131.5087655401649442
 30
0.0
 10
150.5745003731979352
 20
131.3413548258792503
 30
0.0
 10
150.5908066116024031
 20
131.1695957813523421
 30
0.0
 10
152.504071917724815
 20
131.1695957813523421
 30
0.0
 10
152.9910849047378179
 20
131.6566087683653166
 30
0.0
 10
153.686817743327822
 20
130.9608759297753124
 30
0.0
 10
150.5908066116024031
 20
130.9608759297753124
 30
0.0
 10
150.6181195609298413
 20
130.6791856613384084
 30
0.0
 10
150.6478784460179838
 20
130.4080944478643858
 30
0.0
 10
150.6800832668667738
 20
130.1476022893532445
 30
0.0
 10
150.7147340234762112
 20
129.897709185805013
 30
0.0
 10
150.7518307158463529
 20
129.6584151372196629
 30
0.0
 10
150.791373343977142
 20
129.4297201435972227
 30
0.0
 10
150.833361907868607
 20
129.2116242049376638
 30
0.0
 10
150.8777964075207478
 20
129.0041273212410147
 30
0.0
 10
150.9246768429335361
 20
128.807229492507247
 30
0.0
 10
150.9740032141070003
 20
128.6209307187363606
 30
0.0
 10
151.0257755210411403
 20
128.4452309999283841
 30
0.0
 10
151.0799937637359562
 20
128.2801303360833174
 30
0.0
 10
151.1366579421914196
 20
128.1256287272011321
 30
0.0
 10
151.1957680564075588
 20
127.9817261732818423
 30
0.0
 10
151.2573241063843739
 20
127.8484226743254339
 30
0.0
 10
151.3213260921218648
 20
127.7257182303319354
 30
0.0
 10
151.3908993759808652
 20
127.83388294508147
 30
0.0
 10
151.4604726598398656
 20
127.9496572377530725
 30
0.0
 10
151.530045943698866
 20
128.0730411083467573
 30
0.0
 10
151.5996192275578665
 20
128.2040345568625241
 30
0.0
 10
151.6691925114168669
 20
128.3426375833003874
 30
0.0
 10
151.7387657952758673
 20
128.4888501876602902
 30
0.0
 10
151.8083390791348677
 20
128.6426723699423178
 30
0.0
 10
151.8779123629938681
 20
128.8041041301463849
 30
0.0
 10
151.9474856468528685
 20
128.9720583857122449
 30
0.0
 10
152.0170589307118689
 20
129.1454480540795942
 30
0.0
 10
152.0866322145708409
 20
129.3242731352484043
 30
0.0
 10
152.1562054984298413
 20
129.5085336292187321
 30
0.0
 10
152.2953520661478137
 20
129.8933608555638273
 30
0.0
 10
152.4344986338658146
 20
130.2999297331148512
 30
0.0
 10
153.1650181143853047
 20
129.7433434622428479
 30
0.0
 10
152.8519383370198454
 20
129.569410252595361
 30
0.0
 10
152.7035515675393071
 20
129.2210002920202214
 30
0.0
 10
152.5540777154984937
 20
128.8888965698495213
 30
0.0
 10
152.4789331335179838
 20
128.728959548165875
 30
0.0
 10
152.4035167808973767
 20
128.573099086083289
 30
0.0
 10
152.3278286576367009
 20
128.4213151836018483
 30
0.0
 10
152.2518687637359847
 20
128.2736078407215246
 30
0.0
 10
152.1756370991951428
 20
128.1299770574423178
 30
0.0
 10
152.0991336640142606
 20
127.9904228337641996
 30
0.0
 10
152.0223584581933096
 20
127.8549451696872126
 30
0.0
 10
151.9453114817322614
 20
127.7235440652113425
 30
0.0
 10
151.8679927346311445
 20
127.5962195203365752
 30
0.0
 10
151.7904022168899587
 20
127.4729715350629249
 30
0.0
 10
151.7125399285087042
 20
127.3538001093903915
 30
0.0
 10
151.6344058694873809
 20
127.2387052433189609
 30
0.0
 10
151.7259925751923788
 20
127.132035267089833
 30
0.0
 10
151.8181228221775427
 20
127.0294418504618079
 30
0.0
 10
151.9107966104428442
 20
126.9309249934348998
 30
0.0
 10
152.0040139399882833
 20
126.8364846960091086
 30
0.0
 10
152.0977748108138883
 20
126.7461209581844344
 30
0.0
 10
152.1920792229196309
 20
126.6598337799608629
 30
0.0
 10
152.2869271763055394
 20
126.5776231613384226
 30
0.0
 10
152.3823186709715856
 20
126.4994891023170851
 30
0.0
 10
152.4782537069177693
 20
126.4254316028968503
 30
0.0
 10
152.5747322841441189
 20
126.3554506630777468
 30
0.0
 10
152.6717544026506062
 20
126.2895462828597459
 30
0.0
 10
152.7693200624372594
 20
126.2277184622428621
 30
0.0
 10
152.8674292635040501
 20
126.169967201227081
 30
0.0
 10
152.9660820058509785
 20
126.1162924998124168
 30
0.0
 10
153.0652782894780728
 20
126.0666943579988697
 30
0.0
 10
153.1650181143853047
 20
126.0211727757864395
 30
0.0
 10
153.1650181143853047
 20
126.0211727757864395
 30
0.0
  0
LWPOLYLINE
  5
65
100
AcDbEntity
  8
0
 62
7
420
0
370
-1
 48
1.0
  6
CONTINUOUS
100
AcDbPolyline
 90
331
 70
0
 10
155.6928474279194745
 20
125.0819334436914261
 30
0.0
 10
155.7703700030006644
 20
125.1612225279330772
 30
0.0
 10
155.8463978395614049
 20
125.2425498919752869
 30
0.0
 10
155.9209309376017529
 20
125.325915535818055
 30
0.0
 10
155.9939692971217085
 20
125.4113194594613674
 30
0.0
 10
156.065512918121243
 20
125.4987616629052525
 30
0.0
 10
156.1355618006003567
 20
125.5882421461496818
 30
0.0
 10
156.2041159445590779
 20
125.6797609091946697
 30
0.0
 10
156.2711753499974066
 20
125.773317952040216
 30
0.0
 10
156.3367400169152859
 20
125.8689132746863208
 30
0.0
 10
156.4008099453128011
 20
125.9665468771329842
 30
0.0
 10
156.4633851351898954
 20
126.0662187593801917
 30
0.0
 10
156.5244655865465688
 20
126.167928921427972
 30
0.0
 10
156.5840512993828497
 20
126.2716773632762965
 30
0.0
 10
156.6421422736987097
 20
126.3774640849251938
 30
0.0
 10
156.6987385094941487
 20
126.4852890863746353
 30
0.0
 10
156.7538400067691953
 20
126.5951523676246353
 30
0.0
 10
156.8066993962636388
 20
126.7071218713352039
 30
0.0
 10
156.8565693087172406
 20
126.8212655401663795
 30
0.0
 10
156.9034497441300573
 20
126.9375833741181339
 30
0.0
 10
156.9473407025020322
 20
127.0560753731904953
 30
0.0
 10
156.9882421838331936
 20
127.1767415373834496
 30
0.0
 10
157.0261541881235416
 20
127.2995818666969825
 30
0.0
 10
157.0610767153730762
 20
127.4245963611311225
 30
0.0
 10
157.0930097655817974
 20
127.5517850206858554
 30
0.0
 10
157.1219533387497052
 20
127.6811478453611812
 30
0.0
 10
157.1479074348767995
 20
127.8126848351570999
 30
0.0
 10
157.1708720539630804
 20
127.9463959900736114
 30
0.0
 10
157.1908471960085194
 20
128.0822813101107158
 30
0.0
 10
157.2078328610131734
 20
128.2203407952684415
 30
0.0
 10
157.2218290489769856
 20
128.3605744455467175
 30
0.0
 10
157.2328357598999844
 20
128.5029822609456005
 30
0.0
 10
157.2408529937821697
 20
128.6475642414650906
 30
0.0
 10
157.2525391313053831
 20
128.9478707987470898
 30
0.0
 10
157.2615075624278234
 20
129.2661142182739979
 30
0.0
 10
157.267758287149519
 20
129.6022945000457867
 30
0.0
 10
157.2712913054704984
 20
129.9564116440624844
 30
0.0
 10
157.2721066173907047
 20
130.328465650324091
 30
0.0
 10
157.2702042229101949
 20
130.7184565188305783
 30
0.0
 10
157.2655841220289403
 20
131.1263842495819745
 30
0.0
 10
157.2582463147469127
 20
131.5522488425782797
 30
0.0
 10
157.814832585618916
 20
131.2739557071422496
 30
0.0
 10
159.5889513240233839
 20
131.2739557071422496
 30
0.0
 10
159.5193780401643551
 20
133.1524343713352323
 30
0.0
 10
160.2846841626133312
 20
132.9089278778287166
 30
0.0
 10
160.006391027177358
 20
132.630634742392715
 30
0.0
 10
160.008565192297965
 20
132.3110324696654345
 30
0.0
 10
160.0150876876597295
 20
131.9783852062145968
 30
0.0
 10
160.025958513262708
 20
131.6326929520402018
 30
0.0
 10
160.041177669106844
 20
131.2739557071422496
 30
0.0
 10
161.1891368527803081
 20
131.2739557071422496
 30
0.0
 10
161.5717899140048246
 20
131.6566087683667661
 30
0.0
 10
162.1631628268062855
 20
131.0652358555653052
 30
0.0
 10
160.041177669106844
 20
131.0652358555653052
 30
0.0
 10
160.0515049534296566
 20
130.8214575914187208
 30
0.0
 10
160.0650934854333798
 20
130.5771357859919988
 30
0.0
 10
160.0819432651179852
 20
130.3322704392851392
 30
0.0
 10
160.1020542924834729
 20
130.0868615512981137
 30
0.0
 10
160.1254265675298711
 20
129.8409091220309506
 30
0.0
 10
160.1520600902571516
 20
129.5944131514836499
 30
0.0
 10
160.1819548606653143
 20
129.3473736396561833
 30
0.0
 10
160.2151108787543592
 20
129.0997905865485791
 30
0.0
 10
160.2493539794037076
 20
128.863621900324091
 30
0.0
 10
160.2825099974927525
 20
128.6508254891459728
 30
0.0
 10
160.3145789330215223
 20
128.4614013530142529
 30
0.0
 10
160.3455607859899601
 20
128.2953494919289028
 30
0.0
 10
160.3754555563981228
 20
128.152669905889951
 30
0.0
 10
160.4042632442460103
 20
128.033362594897369
 30
0.0
 10
160.4319838495335659
 20
127.9374275589511853
 30
0.0
 10
160.4586173722608464
 20
127.8648647980513857
 30
0.0
 10
160.5268318029194745
 20
128.0059137602499106
 30
0.0
 10
160.592328527177358
 20
128.1507675114094411
 30
0.0
 10
160.6551075450344968
 20
128.2994260515300482
 30
0.0
 10
160.7151688564908909
 20
128.4518893806116751
 30
0.0
 10
160.7725124615465688
 20
128.6081574986543501
 30
0.0
 10
160.8271383602014737
 20
128.7682304056580449
 30
0.0
 10
160.8790465524556339
 20
128.9321081016227879
 30
0.0
 10
160.9282370383090779
 20
129.0997905865485791
 30
0.0
 10
161.0206390559343106
 20
129.435699097680299
 30
0.0
 10
161.1065185781977789
 20
129.7650851134502545
 30
0.0
 10
161.1858756050994259
 20
130.0879486338584172
 30
0.0
 10
161.2587101366393085
 20
130.4042896589047587
 30
0.0
 10
161.9196563332997982
 20
129.986849955750813
 30
0.0
 10
161.8931586958925664
 20
129.9623905981441396
 30
0.0
 10
161.8658457465650997
 20
129.9324958277359769
 30
0.0
 10
161.8377174853174267
 20
129.897165644526325
 30
0.0
 10
161.808773912149519
 20
129.8564000485152121
 30
0.0
 10
161.7790150270613765
 20
129.8101990397025816
 30
0.0
 10
161.7484408300530276
 20
129.7585626180884901
 30
0.0
 10
161.6848465002756825
 20
129.638983536455811
 30
0.0
 10
161.6179909228174267
 20
129.4976628036172315
 30
0.0
 10
161.5478740976782888
 20
129.3346004195726948
 30
0.0
 10
161.4744960248582402
 20
129.1497963843222578
 30
0.0
 10
161.3978567043573094
 20
128.9432506978658637
 30
0.0
 10
161.3174125948953588
 20
128.7269212683667661
 30
0.0
 10
161.232620155192194
 20
128.512766003988304
 30
0.0
 10
161.1434793852478435
 20
128.3007849047304205
 30
0.0
 10
161.0499902850623073
 20
128.0909779705931157
 30
0.0
 10
160.9521528546355853
 20
127.883345201576418
 30
0.0
 10
160.8499670939676776
 20
127.6778865976803274
 30
0.0
 10
160.7434330030586125
 20
127.4746021589048155
 30
0.0
 10
160.6325505819083332
 20
127.2734918852498964
 30
0.0
 10
160.6816051824417286
 20
127.1574458219382109
 30
0.0
 10
160.7331057187357715
 20
127.04411746502727
 30
0.0
 10
160.7870521907905186
 20
126.9335068145170595
 30
0.0
 10
160.8434445986059131
 20
126.8256138704076079
 30
0.0
 10
160.9022829421819836
 20
126.7204386326988867
 30
0.0
 10
160.9635672215187014
 20
126.6179811013909102
 30
0.0
 10
161.0272974366161236
 20
126.5182412764836641
 30
0.0
 10
161.0934735874741932
 20
126.4212191579771769
 30
0.0
 10
161.1620956740929387
 20
126.3269147458714201
 30
0.0
 10
161.2331636964723316
 20
126.2353280401664222
 30
0.0
 10
161.3066776546124004
 20
126.1464590408621547
 30
0.0
 10
161.382637548513145
 20
126.0603077479586176
 30
0.0
 10
161.4610433781745655
 20
125.9768741614558394
 30
0.0
 10
161.5418951435966335
 20
125.8961582813537916
 30
0.0
 10
161.6251928447794057
 20
125.8181601076525027
 30
0.0
 10
161.710936481722797
 20
125.7428796403519442
 30
0.0
 10
162.0935895429472851
 20
127.0995586756024096
 30
0.0
 10
162.2327361106652859
 20
127.0647720336728526
 30
0.0
 10
162.2001236338563785
 20
126.847355521613494
 30
0.0
 10
162.171859487288657
 20
126.6473323305188785
 30
0.0
 10
162.1479436709621211
 20
126.464702460389006
 30
0.0
 10
162.1283761848767995
 20
126.2994659112238907
 30
0.0
 10
162.1131570290326351
 20
126.1516226830235183
 30
0.0
 10
162.1022862034296566
 20
126.0211727757879032
 30
0.0
 10
162.0957637080678637
 20
125.9081161895170311
 30
0.0
 10
162.0935895429472851
 20
125.8124529242109162
 30
0.0
 10
162.0952201667877262
 20
125.7265734019474621
 30
0.0
 10
162.1001120383090779
 20
125.6428680448046151
 30
0.0
 10
162.1082651575113118
 20
125.561336852782361
 30
0.0
 10
162.119679524394428
 20
125.4819798258806856
 30
0.0
 10
162.1343551389584263
 20
125.4047969640996172
 30
0.0
 10
162.1522920012033353
 20
125.3297882674391275
 30
0.0
 10
162.1734901111291265
 20
125.2569537358992307
 30
0.0
 10
162.1979494687358283
 20
125.1862933694799267
 30
0.0
 10
162.2115380007395231
 20
125.1373746542665799
 30
0.0
 10
162.21751695482115
 20
125.0949784344149975
 30
0.0
 10
162.2176528401411701
 20
125.0762262602498822
 30
0.0
 10
162.2158863309806804
 20
125.059104709925208
 30
0.0
 10
162.2122174273396809
 20
125.0436137834409891
 30
0.0
 10
162.2066461292181714
 20
125.0297534807971971
 30
0.0
 10
162.1991724366161236
 20
125.0175238019938604
 30
0.0
 10
162.1897963495335659
 20
125.0069247470309648
 30
0.0
 10
162.17851786797047
 20
124.9979563159085245
 30
0.0
 10
162.1653369919268641
 20
124.9906185086265253
 30
0.0
 10
162.1502537214027484
 20
124.9849113251849673
 30
0.0
 10
162.1332680563981228
 20
124.9808347655838503
 30
0.0
 10
162.1143799969129589
 20
124.9783888298231886
 30
0.0
 10
162.0935895429472851
 20
124.9775735179029681
 30
0.0
 10
161.8848696913703122
 20
125.0471468017619401
 30
0.0
 10
161.8212753615929387
 20
125.0778568840903233
 30
0.0
 10
161.7522456190140758
 20
125.1178071681812298
 30
0.0
 10
161.6777804636337521
 20
125.1669976540346596
 30
0.0
 10
161.5978798954519391
 20
125.2254283416506127
 30
0.0
 10
161.5125439144686368
 20
125.293099231029089
 30
0.0
 10
161.4217725206838452
 20
125.3700103221700886
 30
0.0
 10
161.3255657140975927
 20
125.4561616150736114
 30
0.0
 10
161.2239234947098225
 20
125.5515531097396433
 30
0.0
 10
161.1716076464955449
 20
125.6033933593338077
 30
0.0
 10
161.1190200276411701
 20
125.6589025125689716
 30
0.0
 10
161.066160638146755
 20
125.7180805694451351
 30
0.0
 10
161.0130294780122426
 20
125.7809275299623124
 30
0.0
 10
160.9059518458229832
 20
125.9176281619196374
 30
0.0
 10
160.7977871310734486
 20
126.0690044084409749
 30
0.0
 10
160.6885353337636388
 20
126.235056269526325
 30
0.0
 10
160.5781964538934972
 20
126.4157837451756734
 30
0.0
 10
160.4667704914630804
 20
126.6111868353890344
 30
0.0
 10
160.35425744647236
 20
126.8212655401663937
 30
0.0
 10
160.197989328429685
 20
126.6440710828380105
 30
0.0
 10
160.0422647516671759
 20
126.4777474511125916
 30
0.0
 10
159.887083716184776
 20
126.3222946449901372
 30
0.0
 10
159.7324462219825705
 20
126.1777126644706613
 30
0.0
 10
159.5783522690604741
 20
126.0440015095541355
 30
0.0
 10
159.4248018574185437
 20
125.9211611802405884
 30
0.0
 10
159.3482304795776372
 20
125.8638175751849246
 30
0.0
 10
159.2717949870567793
 20
125.8091916765300056
 30
0.0
 10
159.1954953798559416
 20
125.7572834842758311
 30
0.0
 10
159.119331657975124
 20
125.7080929984224014
 30
0.0
 10
158.9695860352942418
 20
125.6151474395170169
 30
0.0
 10
158.8247322841346829
 20
125.5276372934131217
 30
0.0
 10
158.6847704044964473
 20
125.4455625601107158
 30
0.0
 10
158.5497003963795635
 20
125.368923239609785
 30
0.0
 10
158.4195222597840313
 20
125.2977193319103435
 30
0.0
 10
158.2942359947098225
 20
125.2319508370123771
 30
0.0
 10
158.173841601156937
 20
125.1716177549158999
 30
0.0
 10
158.0583390791254033
 20
125.1167200856209121
 30
0.0
 10
158.0235524371958888
 20
125.2558666533389129
 30
0.0
 10
158.1705803534760264
 20
125.3450074232832634
 30
0.0
 10
158.3159776459157513
 20
125.4384965234687996
 30
0.0
 10
158.4597443145150066
 20
125.5363339538955074
 30
0.0
 10
158.6018803592738209
 20
125.6385197145634152
 30
0.0
 10
158.742385780192194
 20
125.7450538054725087
 30
0.0
 10
158.8812605772701261
 20
125.8559362266227879
 30
0.0
 10
159.0185047505075886
 20
125.9711669780142529
 30
0.0
 10
159.1541182999046384
 20
126.0907460596469178
 30
0.0
 10
159.2875576841810812
 20
126.2163040953611954
 30
0.0
 10
159.4182793620567509
 20
126.3494717089975552
 30
0.0
 10
159.5462833335317043
 20
126.4902489005559971
 30
0.0
 10
159.6715695986059131
 20
126.6386356700365212
 30
0.0
 10
159.7941381572793773
 20
126.7946320174391133
 30
0.0
 10
159.9139890095520968
 20
126.9582379427637875
 30
0.0
 10
160.0311221554240717
 20
127.1294534460105439
 30
0.0
 10
160.1455375948953304
 20
127.3082785271793682
 30
0.0
 10
160.0944447145613765
 20
127.4455227004168449
 30
0.0
 10
160.0455259993480297
 20
127.5963554056580307
 30
0.0
 10
159.9987814492552616
 20
127.7607766429029255
 30
0.0
 10
159.9542110642831005
 20
127.9387864121515435
 30
0.0
 10
159.9118148444315182
 20
128.1303847134038563
 30
0.0
 10
159.8715927897005429
 20
128.3355715466599065
 30
0.0
 10
159.8335449000901463
 20
128.5543469119196516
 30
0.0
 10
159.7976711756003567
 20
128.7867108091831199
 30
0.0
 10
159.7639716162311743
 20
129.031576155889951
 30
0.0
 10
159.7324462219825705
 20
129.2878558694799551
 30
0.0
 10
159.7030949928545454
 20
129.555549949953047
 30
0.0
 10
159.6759179288471273
 20
129.834658397309255
 30
0.0
 10
159.6509150299602879
 20
130.1251812115486075
 30
0.0
 10
159.6280862961940556
 20
130.4271183926710478
 30
0.0
 10
159.607431727548402
 20
130.7404699406766042
 30
0.0
 10
159.5889513240233839
 20
131.0652358555653052
 30
0.0
 10
157.7452593017599156
 20
131.0652358555653052
 30
0.0
 10
157.7452593017599156
 20
129.638983536455811
 30
0.0
 10
158.754071917715379
 20
129.638983536455811
 30
0.0
 10
158.9627917692923802
 20
129.9172766718917842
 30
0.0
 10
159.4845913982348691
 20
129.4998369687377817
 30
0.0
 10
159.2062982627988674
 20
129.2911171171608089
 30
0.0
 10
159.1804800519918217
 20
128.8687855424854831
 30
0.0
 10
159.1552053824649136
 20
128.4888501876617397
 30
0.0
 10
159.1304742542181714
 20
128.1513110526895787
 30
0.0
 10
159.1062866672515668
 20
127.8561681375689716
 30
0.0
 10
159.0826426215651281
 20
127.6034214422999611
 30
0.0
 10
159.0595421171587986
 20
127.393070966882533
 30
0.0
 10
159.0369851540326351
 20
127.225116711316673
 30
0.0
 10
159.0149717321866376
 20
127.0995586756024096
 30
0.0
 10
158.9921429984204053
 20
126.9987317681348742
 30
0.0
 10
158.9671400995335659
 20
126.904970897309255
 30
0.0
 10
158.9399630355261479
 20
126.8182760631255803
 30
0.0
 10
158.9106118063981228
 20
126.7386472655838361
 30
0.0
 10
158.879086412149519
 20
126.6660845046840222
 30
0.0
 10
158.8453868527803081
 20
126.6005877804261388
 30
0.0
 10
158.8095131282905186
 20
126.5421570928101858
 30
0.0
 10
158.771465238680122
 20
126.4907924418361773
 30
0.0
 10
158.7287972481884708
 20
126.4432325798231744
 30
0.0
 10
158.6790632210548893
 20
126.3962162590903375
 30
0.0
 10
158.6222631572793773
 20
126.3497434796376382
 30
0.0
 10
158.558397056861935
 20
126.3038142414650906
 30
0.0
 10
158.4874649198025907
 20
126.2584285445726948
 30
0.0
 10
158.4094667461012875
 20
126.2135863889604508
 30
0.0
 10
158.324402535758054
 20
126.1692877746283443
 30
0.0
 10
158.2322722887728901
 20
126.1255327015763896
 30
0.0
 10
158.2174607888888431
 20
126.1768973525504265
 30
0.0
 10
158.1991162706838452
 20
126.226631379684008
 30
0.0
 10
158.1772387341578678
 20
126.2747347829771343
 30
0.0
 10
158.1518281793109395
 20
126.3212075624298336
 30
0.0
 10
158.1228846061430318
 20
126.3660497180420776
 30
0.0
 10
158.090408014654173
 20
126.4092612498138806
 30
0.0
 10
158.0543984048443349
 20
126.4508421577452282
 30
0.0
 10
158.0148557767135173
 20
126.4907924418361347
 30
0.0
 10
157.9717801302617772
 20
126.5291121020866001
 30
0.0
 10
157.9251714654890293
 20
126.5658011384966102
 30
0.0
 10
157.8750297823953588
 20
126.6008595510661934
 30
0.0
 10
157.8213550809806804
 20
126.6342873397953213
 30
0.0
 10
157.7641473612450795
 20
126.6660845046839938
 30
0.0
 10
157.7034066231884708
 20
126.6962510457322395
 30
0.0
 10
157.6391328668109395
 20
126.7247869629400299
 30
0.0
 10
157.5713260921124004
 20
126.7516922563073791
 30
0.0
 10
157.5713260921124004
 20
126.8908388240253799
 30
0.0
 10
157.720528173513145
 20
126.8587698884966244
 30
0.0
 10
157.8550546403498913
 20
126.8321363657693581
 30
0.0
 10
157.9749054926226108
 20
126.8109382558435669
 30
0.0
 10
158.080080730331332
 20
126.7951755587192793
 30
0.0
 10
158.1705803534760548
 20
126.7848482743964666
 30
0.0
 10
158.2464043620567509
 20
126.7799564028751291
 30
0.0
 10
158.3075527560734486
 20
126.7804999441552809
 30
0.0
 10
158.3326235976202838
 20
126.7828099945959224
 30
0.0
 10
158.3540255355261479
 20
126.786478898236922
 30
0.0
 10
158.3733212509714008
 20
126.7925937376385832
 30
0.0
 10
158.3920734251365445
 20
126.8022415953612096
 30
0.0
 10
158.4102820580214939
 20
126.8154224714048155
 30
0.0
 10
158.4279471496263341
 20
126.8321363657693723
 30
0.0
 10
158.4450686999510083
 20
126.8523832784548944
 30
0.0
 10
158.4616467089955165
 20
126.8761632094613958
 30
0.0
 10
158.4776811767599156
 20
126.9034761587888482
 30
0.0
 10
158.4931721032441487
 20
126.9343221264372659
 30
0.0
 10
158.5225233323721454
 20
127.0066131166970109
 30
0.0
 10
158.5497003963795635
 20
127.0930361802406168
 30
0.0
 10
158.5747032952664028
 20
127.1935913170680692
 30
0.0
 10
158.5975320290326351
 20
127.3082785271793682
 30
0.0
 10
158.6190019095984951
 20
127.4479686361775066
 30
0.0
 10
158.6399282488842175
 20
127.6235324696654487
 30
0.0
 10
158.6603110468897739
 20
127.8349700276431804
 30
0.0
 10
158.6801503036151928
 20
128.0822813101107158
 30
0.0
 10
158.6994460190604741
 20
128.3654663170680408
 30
0.0
 10
158.7181981932255894
 20
128.6845250485151553
 30
0.0
 10
158.7364068261105388
 20
129.0394575044520877
 30
0.0
 10
158.754071917715379
 20
129.4302636848788097
 30
0.0
 10
157.7452593017599156
 20
129.4302636848788097
 30
0.0
 10
157.7391444623582402
 20
129.1991906981557179
 30
0.0
 10
157.7294966046356137
 20
128.9755914040346738
 30
0.0
 10
157.7163157285920079
 20
128.7594658025156491
 30
0.0
 10
157.699601834227451
 20
128.5508138935986722
 30
0.0
 10
157.6793549215419148
 20
128.349635677283743
 30
0.0
 10
157.6555749905354276
 20
128.1559311535708616
 30
0.0
 10
157.6282620412079609
 20
127.9697003224599996
 30
0.0
 10
157.5974160735595433
 20
127.7909431839511853
 30
0.0
 10
157.5630370875901463
 20
127.6196597380444189
 30
0.0
 10
157.5251250832997982
 20
127.455849984739686
 30
0.0
 10
157.4836800606884708
 20
127.2995139240370008
 30
0.0
 10
157.4387020197561924
 20
127.1506515559363493
 30
0.0
 10
157.3901909605029346
 20
127.0092628804377455
 30
0.0
 10
157.3381468829287257
 20
126.8753478975411753
 30
0.0
 10
157.2825697870335659
 20
126.7489066072466528
 30
0.0
 10
157.2234596728174267
 20
126.6299390095541781
 30
0.0
 10
157.1608165402803081
 20
126.5154556274229094
 30
0.0
 10
157.0946403894222385
 20
126.4024669838120616
 30
0.0
 10
157.0249312202432179
 20
126.2909730787216063
 30
0.0
 10
156.9516890327432179
 20
126.1809739121515719
 30
0.0
 10
156.8749138269222669
 20
126.0724694841019442
 30
0.0
 10
156.7946056027803365
 20
125.9654597945727232
 30
0.0
 10
156.7107643603174267
 20
125.859944843563909
 30
0.0
 10
156.6233900995335659
 20
125.7559246310755015
 30
0.0
 10
156.5324828204287542
 20
125.6533991571075006
 30
0.0
 10
156.438042523002963
 20
125.5523684216599065
 30
0.0
 10
156.3400692072562208
 20
125.4528324247327333
 30
0.0
 10
156.2385628731884992
 20
125.3547911663259669
 30
0.0
 10
156.1335235207997982
 20
125.2582446464395929
 30
0.0
 10
156.0249511500901463
 20
125.1631928650736398
 30
0.0
 10
155.9128457610595433
 20
125.0696358222280935
 30
0.0
 10
155.7972073537079609
 20
124.9775735179029681
 30
0.0
 10
155.6928474279194745
 20
125.0819334436914261
 30
0.0
 10
155.6928474279194745
 20
125.0819334436914261
 30
0.0
  0
LWPOLYLINE
  5
66
100
AcDbEntity
  8
0
 62
7
420
0
370
-1
 48
1.0
  6
CONTINUOUS
100
AcDbPolyline
 90
52
 70
0
 10
160.3194708045431298
 20
132.6654213843258105
 30
0.0
 10
160.3890440884021302
 20
132.7697813101143538
 30
0.0
 10
160.5703151053316446
 20
132.6934137602534918
 30
0.0
 10
160.731475094895643
 20
132.6208509993536779
 30
0.0
 10
160.8725240570941821
 20
132.5520930274149123
 30
0.0
 10
160.9934619919272052
 20
132.4871398444371664
 30
0.0
 10
161.0942888993947406
 20
132.4259914504204687
 30
0.0
 10
161.1371607178664362
 20
132.3968440492725165
 30
0.0
 10
161.1750047794967884
 20
132.3686478453648192
 30
0.0
 10
161.2078210842857402
 20
132.3414028386973769
 30
0.0
 10
161.2356096322333201
 20
132.3151090292701895
 30
0.0
 10
161.2583704233395281
 20
132.2897664170832854
 30
0.0
 10
161.2761034576043642
 20
132.2653750021366363
 30
0.0
 10
161.3293705030589251
 20
132.1751471496319823
 30
0.0
 10
161.3502968423446191
 20
132.1341097829807723
 30
0.0
 10
161.3674183926692933
 20
132.0957901227303068
 30
0.0
 10
161.3807351540329478
 20
132.0601881688805861
 30
0.0
 10
161.390247126435554
 20
132.02730392143161
 30
0.0
 10
161.3959543098771121
 20
131.9971373803833785
 30
0.0
 10
161.397856704357622
 20
131.9696885457358917
 30
0.0
 10
161.3962260805171809
 20
131.942783252368514
 30
0.0
 10
161.3913342089958292
 20
131.9142473351607237
 30
0.0
 10
161.3831810897936236
 20
131.8840807941124922
 30
0.0
 10
161.3717667229105075
 20
131.8522836292238196
 30
0.0
 10
161.3570911083464807
 20
131.8188558404946775
 30
0.0
 10
161.3391542461016002
 20
131.7837974279251227
 30
0.0
 10
161.2934967785691072
 20
131.708788731264633
 30
0.0
 10
161.2434909807954853
 20
131.6403025299659078
 30
0.0
 10
161.220118705749087
 20
131.6133972365985585
 30
0.0
 10
161.1978335132630207
 20
131.591383814752561
 30
0.0
 10
161.1766354033372295
 20
131.5742622644278867
 30
0.0
 10
161.1565243759717418
 20
131.5620325856245643
 30
0.0
 10
161.1375004311665293
 20
131.5546947783425651
 30
0.0
 10
161.1195635689216203
 20
131.5522488425818892
 30
0.0
 10
161.1065185781980631
 20
131.5533359251421928
 30
0.0
 10
161.0934735874745058
 20
131.556597172823075
 30
0.0
 10
161.0673836060273629
 20
131.5696421635466322
 30
0.0
 10
161.0412936245802484
 20
131.591383814752561
 30
0.0
 10
161.0152036431331339
 20
131.6218221264408612
 30
0.0
 10
160.9891136616860194
 20
131.6609570986115614
 30
0.0
 10
160.9630236802389049
 20
131.7087887312646046
 30
0.0
 10
160.936933698791762
 20
131.7653170244000478
 30
0.0
 10
160.9108437173446475
 20
131.8305419780178624
 30
0.0
 10
160.8635556259717134
 20
131.9425114817284452
 30
0.0
 10
160.8086579566767398
 20
132.0523068203184494
 30
0.0
 10
160.7461507094596698
 20
132.159927993787818
 30
0.0
 10
160.6760338843205034
 20
132.2653750021366079
 30
0.0
 10
160.598307481259269
 20
132.3686478453647908
 30
0.0
 10
160.5129715002759667
 20
132.469746523472395
 30
0.0
 10
160.4200259413705965
 20
132.5686710364593921
 30
0.0
 10
160.3194708045431298
 20
132.6654213843258105
 30
0.0
 10
160.3194708045431298
 20
132.6654213843258105
 30
0.0
  0
LWPOLYLINE
  5
67
100
AcDbEntity
  8
0
 62
7
420
0
370
-1
 48
1.0
  6
CONTINUOUS
100
AcDbPolyline
 90
53
 70
0
 10
155.9711405633516961
 20
127.7257182303333849
 30
0.0
 10
157.0843131050956742
 20
128.0387980076988583
 30
0.0
 10
157.1190997470251318
 20
127.8996514399808717
 30
0.0
 10
156.5837115860789481
 20
127.6816913866413614
 30
0.0
 10
156.3384385834119712
 20
127.5788261993732675
 30
0.0
 10
156.1081129659490898
 20
127.4800375717062906
 30
0.0
 10
155.8927347336902756
 20
127.3853255036404306
 30
0.0
 10
155.6923038866355284
 20
127.2946899951756734
 30
0.0
 10
155.5068204247848769
 20
127.2081310463120332
 30
0.0
 10
155.3362843481383209
 20
127.1256486570495099
 30
0.0
 10
155.180695656695832
 20
127.0472428273880894
 30
0.0
 10
155.0400543504574387
 20
126.9729135573277858
 30
0.0
 10
154.9143604294231125
 20
126.9026608468685993
 30
0.0
 10
154.8036138935928534
 20
126.8364846960105297
 30
0.0
 10
154.7078147429666899
 20
126.7743851047535628
 30
0.0
 10
154.6269629775446219
 20
126.7163620730977271
 30
0.0
 10
154.5610585973266211
 20
126.6624156010429942
 30
0.0
 10
154.5101016023127158
 20
126.6125456885893641
 30
0.0
 10
154.1274485410882562
 20
127.2734918852498964
 30
0.0
 10
154.2780094756893732
 20
127.301212490537452
 30
0.0
 10
154.434005823091951
 20
127.3321943435059183
 30
0.0
 10
154.5954375832960466
 20
127.3664374441552667
 30
0.0
 10
154.762304756301603
 20
127.4039417924854973
 30
0.0
 10
154.9346073421086487
 20
127.4447073884966386
 30
0.0
 10
155.1123453407171837
 20
127.4887342321886621
 30
0.0
 10
155.4841275763386932
 20
127.5865716626153841
 30
0.0
 10
155.4841275763386932
 20
130.2999297331163007
 30
0.0
 10
155.2754077247617204
 20
130.2999297331163007
 30
0.0
 10
155.1634382210511376
 20
130.2982991092758596
 30
0.0
 10
155.0536428824611619
 20
130.2934072377545363
 30
0.0
 10
154.9460217089917649
 20
130.2852541185523023
 30
0.0
 10
154.8405747006429749
 20
130.2738397516691862
 30
0.0
 10
154.7373018574147636
 20
130.2591641371051878
 30
0.0
 10
154.6362031793071594
 20
130.2412272748602788
 30
0.0
 10
154.5372786663201339
 20
130.2200291649344877
 30
0.0
 10
154.4405283184537154
 20
130.1955698073277858
 30
0.0
 10
154.1274485410882562
 20
130.5086495846932735
 30
0.0
 10
155.4841275763386932
 20
130.5086495846932735
 30
0.0
 10
155.4819534112181145
 20
131.354399816604257
 30
0.0
 10
155.4754309158563217
 20
132.0479584900736256
 30
0.0
 10
155.47053904433497
 20
132.3376659923927434
 30
0.0
 10
155.4645600902533431
 20
132.5893256051014646
 30
0.0
 10
155.4574940536114127
 20
132.8029373281997607
 30
0.0
 10
155.4493409344092072
 20
132.9785011616876886
 30
0.0
 10
156.2494336987876977
 20
132.5958481004632574
 30
0.0
 10
155.9711405633516961
 20
132.3523416069567418
 30
0.0
 10
155.9711405633516961
 20
130.5086495846932735
 30
0.0
 10
156.3537936245761841
 20
130.5086495846932735
 30
0.0
 10
156.7016600438711578
 20
130.8565160039882471
 30
0.0
 10
157.2582463147431326
 20
130.2999297331163007
 30
0.0
 10
155.9711405633516961
 20
130.2999297331163007
 30
0.0
 10
155.9711405633516961
 20
127.7257182303333849
 30
0.0
 10
155.9711405633516961
 20
127.7257182303333849
 30
0.0
  0
LWPOLYLINE
  5
68
100
AcDbEntity
  8
0
 62
7
420
0
370
-1
 48
1.0
  6
CONTINUOUS
100
AcDbPolyline
 90
71
 70
0
 10
105.7775986232965977
 20
113.6197820642916838
 30
0.0
 10
105.7857517424988316
 20
113.871441677000405
 30
0.0
 10
105.7928177791407478
 20
114.1394075281135798
 30
0.0
 10
105.8036886047437264
 20
114.7242579455532763
 30
0.0
 10
105.810211100105505
 20
115.3743333166107874
 30
0.0
 10
105.8123852652260979
 20
116.089633641286099
 30
0.0
 10
103.2729604043726681
 20
116.089633641286099
 30
0.0
 10
103.1609909006620853
 20
116.0880030174456579
 30
0.0
 10
103.0511955620721096
 20
116.0831111459243203
 30
0.0
 10
102.9435743886027126
 20
116.0749580267221006
 30
0.0
 10
102.8381273802539226
 20
116.0635436598389845
 30
0.0
 10
102.7348545370257256
 20
116.0488680452749719
 30
0.0
 10
102.6337558589181214
 20
116.0309311830300629
 30
0.0
 10
102.53483134593111
 20
116.0097330731042717
 30
0.0
 10
102.4380809980646916
 20
115.9852737154975841
 30
0.0
 10
102.1250012206991897
 20
116.2983534928630718
 30
0.0
 10
105.8123852652260979
 20
116.2983534928630718
 30
0.0
 10
105.8123852652260979
 20
117.8985390216200528
 30
0.0
 10
104.2469863783986455
 20
117.8985390216200528
 30
0.0
 10
104.1350168746880627
 20
117.8969083977796117
 30
0.0
 10
104.025221536098087
 20
117.8920165262582742
 30
0.0
 10
103.9176003626286899
 20
117.8838634070560403
 30
0.0
 10
103.8121533542799
 20
117.8724490401729241
 30
0.0
 10
103.7088805110517029
 20
117.8577734256089258
 30
0.0
 10
103.6077818329440987
 20
117.8398365633640168
 30
0.0
 10
103.5088573199570732
 20
117.8186384534382256
 30
0.0
 10
103.4121069720906547
 20
117.794179095831538
 30
0.0
 10
103.0990271947251671
 20
118.1072588731970257
 30
0.0
 10
105.8123852652260979
 20
118.1072588731970257
 30
0.0
 10
105.8123852652260979
 20
119.7770176858129787
 30
0.0
 10
103.7251867494561566
 20
119.7770176858129787
 30
0.0
 10
103.6132172457455738
 20
119.7753870619725376
 30
0.0
 10
103.5034219071555981
 20
119.7704951904512001
 30
0.0
 10
103.3958007336862153
 20
119.7623420712489803
 30
0.0
 10
103.2903537253374111
 20
119.7509277043658642
 30
0.0
 10
103.187080882109214
 20
119.7362520898018658
 30
0.0
 10
103.0859822040016098
 20
119.7183152275569711
 30
0.0
 10
102.9870576910145985
 20
119.6971171176311941
 30
0.0
 10
102.8903073431481801
 20
119.6726577600245207
 30
0.0
 10
102.5772275657826782
 20
119.9857375373900084
 30
0.0
 10
105.8123852652260979
 20
119.9857375373900084
 30
0.0
 10
105.8123852652260979
 20
120.7510436598389845
 30
0.0
 10
105.810211100105505
 20
120.9119318787628998
 30
0.0
 10
105.8036886047437264
 20
121.1163034000987011
 30
0.0
 10
105.7928177791407478
 20
121.3641582238463883
 30
0.0
 10
105.7775986232965977
 20
121.6554963500059614
 30
0.0
 10
106.6472646715340744
 20
121.2380566468519589
 30
0.0
 10
106.3341848941685868
 20
120.9597635114159573
 30
0.0
 10
106.3341848941685868
 20
119.9857375373900084
 30
0.0
 10
108.3170234841500275
 20
119.9857375373900084
 30
0.0
 10
108.8040364711630161
 20
120.4727505244029828
 30
0.0
 10
109.499769309753006
 20
119.7770176858129787
 30
0.0
 10
106.3341848941685868
 20
119.7770176858129787
 30
0.0
 10
106.3341848941685868
 20
118.1072588731970257
 30
0.0
 10
108.0039437067845398
 20
118.1072588731970257
 30
0.0
 10
108.4561700518680283
 20
118.5594852182805141
 30
0.0
 10
109.1171162485285038
 20
117.8985390216200528
 30
0.0
 10
106.3341848941685868
 20
117.8985390216200528
 30
0.0
 10
106.3341848941685868
 20
116.2983534928630718
 30
0.0
 10
108.9779696808105172
 20
116.2983534928630718
 30
0.0
 10
109.499769309753006
 20
116.8201531218055891
 30
0.0
 10
110.2302887902724819
 20
116.089633641286099
 30
0.0
 10
106.3341848941685868
 20
116.089633641286099
 30
0.0
 10
106.3363590592891796
 20
115.339546674681273
 30
0.0
 10
106.3428815546509583
 20
114.7242579455532621
 30
0.0
 10
106.3477734261722958
 20
114.4671629200430658
 30
0.0
 10
106.3537523802539226
 20
114.2437674539020804
 30
0.0
 10
106.360818416895853
 20
114.0540715471302775
 30
0.0
 10
106.368971536098087
 20
113.8980751997276855
 30
0.0
 10
105.7775986232965977
 20
113.6197820642916838
 30
0.0
 10
105.7775986232965977
 20
113.6197820642916838
 30
0.0
  0
LWPOLYLINE
  5
69
100
AcDbEntity
  8
0
 62
7
420
0
370
-1
 48
1.0
  6
CONTINUOUS
100
AcDbPolyline
 90
35
 70
0
 10
112.3870605899017363
 20
120.2292440308998067
 30
0.0
 10
116.1440179182876307
 20
120.2292440308998067
 30
0.0
 10
116.5614576214416047
 20
120.6466837340538234
 30
0.0
 10
117.1876171761726084
 20
120.0205241793228339
 30
0.0
 10
114.8916988088256517
 20
120.0205241793228339
 30
0.0
 10
114.8916988088256517
 20
118.3855520086363668
 30
0.0
 10
115.8309381409221288
 20
118.3855520086363668
 30
0.0
 10
116.2483778440761313
 20
118.8029917117903693
 30
0.0
 10
116.8745373988071208
 20
118.176832157059394
 30
0.0
 10
114.8916988088256517
 20
118.176832157059394
 30
0.0
 10
114.8916988088256517
 20
115.8809137897124799
 30
0.0
 10
116.0744446344286303
 20
115.8809137897124799
 30
0.0
 10
116.5614576214416047
 20
116.3679267767254544
 30
0.0
 10
117.2571904600315946
 20
115.6721939381354503
 30
0.0
 10
113.3262999219982134
 20
115.6721939381354503
 30
0.0
 10
113.2143304182876307
 20
115.6705633142949949
 30
0.0
 10
113.104535079697655
 20
115.6656714427736716
 30
0.0
 10
112.9969139062282579
 20
115.6575183235714377
 30
0.0
 10
112.891466897879468
 20
115.6461039566883358
 30
0.0
 10
112.7881940546512709
 20
115.6314283421243232
 30
0.0
 10
112.6870953765436667
 20
115.6134914798794284
 30
0.0
 10
112.5881708635566412
 20
115.5922933699536514
 30
0.0
 10
112.4914205156902227
 20
115.5678340123469781
 30
0.0
 10
112.1783407383247351
 20
115.8809137897124799
 30
0.0
 10
114.404685821812663
 20
115.8809137897124799
 30
0.0
 10
114.404685821812663
 20
118.176832157059394
 30
0.0
 10
113.4654464897161859
 20
118.176832157059394
 30
0.0
 10
112.9784335027032114
 20
118.0724722312708934
 30
0.0
 10
112.6653537253377237
 20
118.3855520086363668
 30
0.0
 10
114.404685821812663
 20
118.3855520086363668
 30
0.0
 10
114.404685821812663
 20
120.0205241793228339
 30
0.0
 10
113.1871533542802126
 20
120.0205241793228339
 30
0.0
 10
112.700140367267224
 20
119.9161642535343333
 30
0.0
 10
112.3870605899017363
 20
120.2292440308998067
 30
0.0
 10
112.3870605899017363
 20
120.2292440308998067
 30
0.0
  0
LWPOLYLINE
  5
6A
100
AcDbEntity
  8
0
 62
7
420
0
370
-1
 48
1.0
  6
CONTINUOUS
100
AcDbPolyline
 90
58
 70
0
 10
115.2743518700551846
 20
117.8985390216210476
 30
0.0
 10
115.4572535108251259
 20
117.8137465819178971
 30
0.0
 10
115.6233053719104618
 20
117.7333024724559323
 30
0.0
 10
115.7725074533112064
 20
117.6572066932351532
 30
0.0
 10
115.9048597550273456
 20
117.58545924425556
 30
0.0
 10
116.0203622770588936
 20
117.5180601255171524
 30
0.0
 10
116.1190150194058219
 20
117.4550093370199306
 30
0.0
 10
116.2008179820681733
 20
117.3963068787638946
 30
0.0
 10
116.2657711650459049
 20
117.3419527507490585
 30
0.0
 10
116.3187664398603829
 20
117.2897727878548011
 30
0.0
 10
116.3646956780329162
 20
117.2375928249605437
 30
0.0
 10
116.4035588795635334
 20
117.1854128620663005
 30
0.0
 10
116.4353560444522202
 20
117.1332328991720573
 30
0.0
 10
116.4600871726989766
 20
117.0810529362778141
 30
0.0
 10
116.4777522643038026
 20
117.0288729733835709
 30
0.0
 10
116.4883513192666982
 20
116.9766930104893277
 30
0.0
 10
116.4910010830074185
 20
116.9506030290422132
 30
0.0
 10
116.4918843375876634
 20
116.9245130475950987
 30
0.0
 10
116.4902537137472081
 20
116.8807579745431298
 30
0.0
 10
116.4853618422258705
 20
116.8364593602110375
 30
0.0
 10
116.4772087230236508
 20
116.7916172045987793
 30
0.0
 10
116.4657943561405347
 20
116.7462315077063977
 30
0.0
 10
116.4511187415765221
 20
116.7003022695338501
 30
0.0
 10
116.4331818793316273
 20
116.653829490081165
 30
0.0
 10
116.4119837694058361
 20
116.6068131693483139
 30
0.0
 10
116.3875244117991485
 20
116.5592533073353252
 30
0.0
 10
116.3619779716321716
 20
116.5144111517230954
 30
0.0
 10
116.3375186140254982
 20
116.4755479501924924
 30
0.0
 10
116.3141463389791141
 20
116.4426637027435163
 30
0.0
 10
116.2918611464930194
 20
116.415758409376167
 30
0.0
 10
116.2706630365672424
 20
116.3948320700904588
 30
0.0
 10
116.2505520092017406
 20
116.3798846848863775
 30
0.0
 10
116.2315280643965565
 20
116.370916253763923
 30
0.0
 10
116.2135912021516617
 20
116.3679267767231096
 30
0.0
 10
116.2005462114280903
 20
116.3691497446034333
 30
0.0
 10
116.187501220704533
 20
116.3728186482444329
 30
0.0
 10
116.1744562299809616
 20
116.3789334876461083
 30
0.0
 10
116.1614112392574043
 20
116.3874942628084455
 30
0.0
 10
116.1353212578102756
 20
116.4119536204151331
 30
0.0
 10
116.1092312763631611
 20
116.4461967210644815
 30
0.0
 10
116.0831412949160324
 20
116.490223564756505
 30
0.0
 10
116.0570513134689179
 20
116.5440341514911893
 30
0.0
 10
116.0309613320217892
 20
116.6076284812685486
 30
0.0
 10
116.0048713505746747
 20
116.681006554088583
 30
0.0
 10
115.9812273048882076
 20
116.7383501591442467
 30
0.0
 10
115.9537784702407208
 20
116.7973243880403516
 30
0.0
 10
115.9225248466321858
 20
116.8579292407768975
 30
0.0
 10
115.8874664340626026
 20
116.9201647173538987
 30
0.0
 10
115.8486032325319997
 20
116.984030817771341
 30
0.0
 10
115.8059352420403485
 20
117.0495275420292245
 30
0.0
 10
115.7594624625876492
 20
117.116654890127549
 30
0.0
 10
115.70918489417393
 20
117.1854128620663289
 30
0.0
 10
115.5972153904633473
 20
117.3278206774652119
 30
0.0
 10
115.4700267309086144
 20
117.4767509882258736
 30
0.0
 10
115.3276189155097313
 20
117.6322037943483139
 30
0.0
 10
115.169991944266684
 20
117.794179095832547
 30
0.0
 10
115.2743518700551846
 20
117.8985390216210476
 30
0.0
 10
115.2743518700551846
 20
117.8985390216210476
 30
0.0
  0
LWPOLYLINE
  5
6B
100
AcDbEntity
  8
0
 62
7
420
0
370
-1
 48
1.0
  6
CONTINUOUS
100
AcDbPolyline
 90
26
 70
0
 10
111.4478212578119241
 20
113.6893553481499737
 30
0.0
 10
111.4630404136560742
 20
114.0698342442538689
 30
0.0
 10
111.4739112392590528
 20
114.4459648101165783
 30
0.0
 10
111.4804337346208314
 20
114.8177470457381162
 30
0.0
 10
111.4826078997414243
 20
115.1851809511184399
 30
0.0
 10
111.4826078997414243
 20
120.1248841051073271
 30
0.0
 10
111.4804337346208314
 20
120.4684021941611007
 30
0.0
 10
111.4739112392590528
 20
120.8380102646620315
 30
0.0
 10
111.4630404136560742
 20
121.2337083166100768
 30
0.0
 10
111.4478212578119241
 20
121.6554963500052651
 30
0.0
 10
111.9696208867544129
 20
121.3424165726397916
 30
0.0
 10
117.3963370277562603
 20
121.3424165726397916
 30
0.0
 10
117.674630163192262
 20
121.6554963500052651
 30
0.0
 10
118.2312164340642369
 20
121.2032700049217766
 30
0.0
 10
117.9181366566987492
 20
120.9945501533447469
 30
0.0
 10
117.9181366566987492
 20
115.4982607284839133
 30
0.0
 10
117.9203108218193421
 20
115.1482201440683468
 30
0.0
 10
117.9268333171811207
 20
114.7938312294115804
 30
0.0
 10
117.9377041427840851
 20
114.4350939845136281
 30
0.0
 10
117.9529232986282352
 20
114.0720084093744759
 30
0.0
 10
117.4311236696857748
 20
113.8632885577974463
 30
0.0
 10
117.4311236696857748
 20
114.5590213963874504
 30
0.0
 10
111.9696208867544129
 20
114.5590213963874504
 30
0.0
 10
111.9696208867544129
 20
113.9328618416564893
 30
0.0
 10
111.4478212578119241
 20
113.6893553481499737
 30
0.0
 10
111.4478212578119241
 20
113.6893553481499737
 30
0.0
  0
LWPOLYLINE
  5
6C
100
AcDbEntity
  8
0
 62
7
420
0
370
-1
 48
1.0
  6
CONTINUOUS
100
AcDbPolyline
 90
6
 70
0
 10
111.9696208867499081
 20
121.1336967210608577
 30
0.0
 10
111.9696208867499081
 20
114.767741247962519
 30
0.0
 10
117.4311236696812699
 20
114.767741247962519
 30
0.0
 10
117.4311236696812699
 20
121.1336967210608577
 30
0.0
 10
111.9696208867499081
 20
121.1336967210608577
 30
0.0
 10
111.9696208867499081
 20
121.1336967210608577
 30
0.0
  0
LWPOLYLINE
  5
6D
100
AcDbEntity
  8
0
 62
7
420
0
370
-1
 48
1.0
  6
CONTINUOUS
100
AcDbPolyline
 90
206
 70
0
 10
120.318414949833894
 20
118.0724722312678949
 30
0.0
 10
122.7882665268283233
 20
118.0724722312678949
 30
0.0
 10
122.7953325634702537
 20
118.3768553481510253
 30
0.0
 10
122.7991373524312877
 20
118.6638451440693984
 30
0.0
 10
122.7996808937114395
 20
118.9334416190230144
 30
0.0
 10
122.796963187310709
 20
119.1856447730118873
 30
0.0
 10
122.790984233229068
 20
119.420454606036003
 30
0.0
 10
122.7817440314665447
 20
119.6378711180953616
 30
0.0
 10
122.7692425820231392
 20
119.8378943091899771
 30
0.0
 10
122.7534798848988231
 20
120.0205241793198354
 30
0.0
 10
123.6231459331363141
 20
119.6378711180953331
 30
0.0
 10
123.3448527977003266
 20
119.3943646245888743
 30
0.0
 10
123.3100661557708122
 20
118.7508117488931418
 30
0.0
 10
123.275279513841312
 20
118.0724722312678949
 30
0.0
 10
125.4668379553997681
 20
118.0724722312678949
 30
0.0
 10
125.9190643004832566
 20
118.5246985763513834
 30
0.0
 10
126.5800104971437321
 20
117.8637523796909079
 30
0.0
 10
123.5187860073477992
 20
117.8637523796909079
 30
0.0
 10
123.577420522943811
 20
117.6582258331347788
 30
0.0
 10
123.6402674834609741
 20
117.4590858966203939
 30
0.0
 10
123.7073268888992885
 20
117.2663325701477675
 30
0.0
 10
123.7785987392587543
 20
117.079965853716871
 30
0.0
 10
123.8540830345393715
 20
116.8999857473277189
 30
0.0
 10
123.9337797747411258
 20
116.7263922509803109
 30
0.0
 10
124.0176889598640457
 20
116.5591853646746614
 30
0.0
 10
124.1058105899081028
 20
116.3983650884107419
 30
0.0
 10
124.1981446648733112
 20
116.2439314221885667
 30
0.0
 10
124.2946911847596851
 20
116.0958843660081499
 30
0.0
 10
124.3954501495671963
 20
115.9542239198694631
 30
0.0
 10
124.5004215592958587
 20
115.8189500837725348
 30
0.0
 10
124.6096054139456726
 20
115.6900628577173364
 30
0.0
 10
124.7230017135166378
 20
115.5675622417038824
 30
0.0
 10
124.8406104580087543
 20
115.4514482357321867
 30
0.0
 10
124.9624316474220223
 20
115.3417208398022211
 30
0.0
 10
125.0854758047156281
 20
115.2383800539139997
 30
0.0
 10
125.2067534528487442
 20
115.1414258780675226
 30
0.0
 10
125.3262645918213707
 20
115.0508583122627897
 30
0.0
 10
125.4440092216335216
 20
114.966677356499801
 30
0.0
 10
125.5599873422851971
 20
114.8888830107785566
 30
0.0
 10
125.6741989537763828
 20
114.8174752750990564
 30
0.0
 10
125.7866440561070931
 20
114.7524541494613004
 30
0.0
 10
125.8973226492773136
 20
114.6938196338653029
 30
0.0
 10
126.0062347332870445
 20
114.6415717283110212
 30
0.0
 10
126.1133803081363141
 20
114.5957104327984979
 30
0.0
 10
126.2187593738250797
 20
114.5562357473277189
 30
0.0
 10
126.3223719303533841
 20
114.5231476718986841
 30
0.0
 10
126.4242179777211845
 20
114.4964462065113935
 30
0.0
 10
126.5242975159285237
 20
114.4761313511658471
 30
0.0
 10
126.6226105449753732
 20
114.462203105862045
 30
0.0
 10
126.7191570648617329
 20
114.4546614705999872
 30
0.0
 10
126.7191570648617329
 20
114.3155149028819721
 30
0.0
 10
126.6385770700797337
 20
114.2973062699970086
 30
0.0
 10
126.5620736348988373
 20
114.2774670132715897
 30
0.0
 10
126.4896467593190579
 20
114.2559971327057298
 30
0.0
 10
126.4212964433403954
 20
114.2328966282994145
 30
0.0
 10
126.3570226869628357
 20
114.2081655000526723
 30
0.0
 10
126.2968254901864071
 20
114.1818037479654748
 30
0.0
 10
126.2407048530110814
 20
114.153811372037822
 30
0.0
 10
126.1886607754368725
 20
114.1241883722697423
 30
0.0
 10
126.1406932574637665
 20
114.0929347486612073
 30
0.0
 10
126.0968022990917774
 20
114.0600505012122312
 30
0.0
 10
126.0569879003209053
 20
114.0255356299227998
 30
0.0
 10
126.0212500611511501
 20
113.9893901347929273
 30
0.0
 10
125.989588781582512
 20
113.9516140158226136
 30
0.0
 10
125.9620040616149765
 20
113.9122072730118589
 30
0.0
 10
125.9384959012485581
 20
113.8711699063606488
 30
0.0
 10
125.9190643004832566
 20
113.8285019158689977
 30
0.0
 10
125.7796459621251728
 20
113.9251163784153817
 30
0.0
 10
125.6440324127281514
 20
114.0236332354422899
 30
0.0
 10
125.5122236522921639
 20
114.1240524869497079
 30
0.0
 10
125.3842196808172105
 20
114.2263741329376501
 30
0.0
 10
125.260020498303291
 20
114.3305981734061021
 30
0.0
 10
125.1396261047504197
 20
114.4367246083550924
 30
0.0
 10
125.0230365001585824
 20
114.5447534377845926
 30
0.0
 10
124.910251684527779
 20
114.6546846616946027
 30
0.0
 10
124.8012716578580239
 20
114.7665182800851511
 30
0.0
 10
124.6960964201493027
 20
114.8802542929562094
 30
0.0
 10
124.5947259714016297
 20
114.9958927003077775
 30
0.0
 10
124.4971603116149765
 20
115.113433502139884
 30
0.0
 10
124.4033994407893715
 20
115.2328766984525004
 30
0.0
 10
124.3134433589248147
 20
115.3542222892456266
 30
0.0
 10
124.2272920660212918
 20
115.4774702745192911
 30
0.0
 10
124.1449455620788029
 20
115.6026206542734656
 30
0.0
 10
124.0664038470973622
 20
115.7296734285081641
 30
0.0
 10
123.9916669210769555
 20
115.8586285972233725
 30
0.0
 10
123.9207347840175828
 20
115.989486160419105
 30
0.0
 10
123.853607435919244
 20
116.1222461180953616
 30
0.0
 10
123.7902848767819535
 20
116.256908470252128
 30
0.0
 10
123.7307671066057111
 20
116.3934732168894186
 30
0.0
 10
123.6750541253904885
 20
116.5319403580072333
 30
0.0
 10
123.6231459331363141
 20
116.672309893605572
 30
0.0
 10
123.5750425298431878
 20
116.8145818236844207
 30
0.0
 10
123.5307439155110814
 20
116.9587561482437792
 30
0.0
 10
123.4902500901400231
 20
117.104832867283676
 30
0.0
 10
123.453561053730013
 20
117.2528119808040827
 30
0.0
 10
123.4206768062810227
 20
117.4026934888050135
 30
0.0
 10
123.3915973477930805
 20
117.5544773912864542
 30
0.0
 10
123.3663226782661866
 20
117.708163688248419
 30
0.0
 10
123.3448527977003266
 20
117.8637523796909079
 30
0.0
 10
123.275279513841312
 20
117.8637523796909079
 30
0.0
 10
123.2614192111975342
 20
117.7238244713826987
 30
0.0
 10
123.2459282847133011
 20
117.5866822121352442
 30
0.0
 10
123.2288067343886269
 20
117.4523256019485586
 30
0.0
 10
123.2100545602235115
 20
117.3207546408226278
 30
0.0
 10
123.1896717622179409
 20
117.1919693287574518
 30
0.0
 10
123.1676583403719292
 20
117.0659696657530446
 30
0.0
 10
123.1440142946854763
 20
116.9427556518094065
 30
0.0
 10
123.1187396251585682
 20
116.8223272869265088
 30
0.0
 10
123.0918343317912189
 20
116.7046845711043943
 30
0.0
 10
123.0632984145834286
 20
116.5898275043430203
 30
0.0
 10
123.0331318735351971
 20
116.4777560866424153
 30
0.0
 10
123.0013347086465103
 20
116.3684703180025792
 30
0.0
 10
122.9679069199173824
 20
116.2619701984234979
 30
0.0
 10
122.9328485073478134
 20
116.1582557279051713
 30
0.0
 10
122.8961594709377891
 20
116.0573269064476136
 30
0.0
 10
122.8578398106873237
 20
115.9591837340508107
 30
0.0
 10
122.8178895265964172
 20
115.8638262107147767
 30
0.0
 10
122.7763086186650554
 20
115.7712543364394975
 30
0.0
 10
122.7330970868932667
 20
115.6814681112249872
 30
0.0
 10
122.6882549312810227
 20
115.5944675350712174
 30
0.0
 10
122.6417821518283233
 20
115.5102526079782308
 30
0.0
 10
122.5936787485351971
 20
115.4288233299459847
 30
0.0
 10
122.5439447214016155
 20
115.3501797009745218
 30
0.0
 10
122.4925800704275787
 20
115.2743217210637994
 30
0.0
 10
122.4395847956131149
 20
115.2012493902138459
 30
0.0
 10
122.3849588969581959
 20
115.1309627084246472
 30
0.0
 10
122.3287023744628357
 20
115.0634616756962174
 30
0.0
 10
122.2708152281270344
 20
114.9987462920285424
 30
0.0
 10
122.2112974579507778
 20
114.9368165574216363
 30
0.0
 10
122.1501490639340801
 20
114.8776724718754849
 30
0.0
 10
122.0873700460769413
 20
114.8213140353900883
 30
0.0
 10
122.0229604043793472
 20
114.7677412479654606
 30
0.0
 10
121.8912875292633942
 20
114.6652837166574983
 30
0.0
 10
121.7571687183867652
 20
114.5666309743105558
 30
0.0
 10
121.6206039717494747
 20
114.4717830209246614
 30
0.0
 10
121.4815932893515225
 20
114.3807398564998152
 30
0.0
 10
121.3401366711928944
 20
114.2935014810359888
 30
0.0
 10
121.1962341172735904
 20
114.2100678945332106
 30
0.0
 10
121.049885627593639
 20
114.1304390969914664
 30
0.0
 10
120.9010912021529975
 20
114.0546150884107703
 30
0.0
 10
120.7498508409517086
 20
113.9825958687910941
 30
0.0
 10
120.5961645439897438
 20
113.914381438132466
 30
0.0
 10
120.4400323112671032
 20
113.8499717964348719
 30
0.0
 10
120.2814541427838009
 20
113.7893669436983259
 30
0.0
 10
120.1204300385398369
 20
113.7325668799227998
 30
0.0
 10
119.9569599985351971
 20
113.6795716051083218
 30
0.0
 10
119.7910440227698956
 20
113.630381119254892
 30
0.0
 10
119.6226821112439183
 20
113.584995422362482
 30
0.0
 10
119.5531088273849321
 20
113.6893553481509969
 30
0.0
 10
119.6957204707638738
 20
113.7388855473045339
 30
0.0
 10
119.8365656049823258
 20
113.7918128794589876
 30
0.0
 10
119.9756442300403023
 20
113.8481373446143721
 30
0.0
 10
120.1129563459378033
 20
113.9078589427706731
 30
0.0
 10
120.2485019526748147
 20
113.970977673927905
 30
0.0
 10
120.3822810502513363
 20
114.0374935380860677
 30
0.0
 10
120.5142936386673966
 20
114.1074065352451612
 30
0.0
 10
120.6445397179229531
 20
114.1807166654051855
 30
0.0
 10
120.773019288018034
 20
114.2574239285661264
 30
0.0
 10
120.8997323489526394
 20
114.3375283247279981
 30
0.0
 10
121.0246789007267552
 20
114.4210298538908006
 30
0.0
 10
121.1478589433403954
 20
114.5079285160545339
 30
0.0
 10
121.2692724767935459
 20
114.5982243112191838
 30
0.0
 10
121.388919501086221
 20
114.6919172393847788
 30
0.0
 10
121.5068000162184063
 20
114.7890073005512761
 30
0.0
 10
121.6229140221901162
 20
114.8894944947187184
 30
0.0
 10
121.6798669569506615
 20
114.9418952712580335
 30
0.0
 10
121.7354950098408608
 20
114.9969118402080426
 30
0.0
 10
121.7897981808606858
 20
115.0545442015687883
 30
0.0
 10
121.8427764700101505
 20
115.1147923553402421
 30
0.0
 10
121.8944298772892552
 20
115.1776563015224042
 30
0.0
 10
121.9447584026979996
 20
115.2431360401152887
 30
0.0
 10
121.9937620462363697
 20
115.3112315711188813
 30
0.0
 10
122.0414408079043938
 20
115.3819428945331822
 30
0.0
 10
122.0877946877020577
 20
115.4552700103582055
 30
0.0
 10
122.1328236856293472
 20
115.5312129185939511
 30
0.0
 10
122.1765278016862766
 20
115.609771619240405
 30
0.0
 10
122.21890703587286
 20
115.6909461122975671
 30
0.0
 10
122.259961388189069
 20
115.7747363977654516
 30
0.0
 10
122.2996908586349178
 20
115.8611424756440442
 30
0.0
 10
122.3380954472103923
 20
115.9501643459333593
 30
0.0
 10
122.3751751539155208
 20
116.0418020086333826
 30
0.0
 10
122.4109299787502891
 20
116.136055463744114
 30
0.0
 10
122.4453599217146831
 20
116.2329247112655679
 30
0.0
 10
122.4784649828087311
 20
116.3324097511977442
 30
0.0
 10
122.5102451620324047
 20
116.4345105835406144
 30
0.0
 10
122.5407004593857181
 20
116.5392272082942213
 30
0.0
 10
122.5698308748686713
 20
116.6465596254585222
 30
0.0
 10
122.5976364084812644
 20
116.7565078350335455
 30
0.0
 10
122.6241170602234973
 20
116.8690718370192911
 30
0.0
 10
122.6492728300953701
 20
116.984251631415745
 30
0.0
 10
122.6731037180968826
 20
117.1020472182229071
 30
0.0
 10
122.6956097242280208
 20
117.2224585974407916
 30
0.0
 10
122.716790848488813
 20
117.3454857690693842
 30
0.0
 10
122.7551784513992885
 20
117.5993874895587226
 30
0.0
 10
122.7882665268283233
 20
117.8637523796909079
 30
0.0
 10
121.4663741335073723
 20
117.8637523796909079
 30
0.0
 10
121.3544046297968038
 20
117.8621217558504668
 30
0.0
 10
121.2446092912068139
 20
117.8572298843291293
 30
0.0
 10
121.136988117737431
 20
117.8490767651269095
 30
0.0
 10
121.0315411093886269
 20
117.8376623982437934
 30
0.0
 10
120.9282682661604298
 20
117.8229867836797808
 30
0.0
 10
120.8271695880528256
 20
117.8050499214348861
 30
0.0
 10
120.7282450750658001
 20
117.7838518115090949
 30
0.0
 10
120.6314947271993816
 20
117.7593924539024073
 30
0.0
 10
120.318414949833894
 20
118.0724722312678949
 30
0.0
 10
120.318414949833894
 20
118.0724722312678949
 30
0.0
  0
LWPOLYLINE
  5
6E
100
AcDbEntity
  8
0
 62
7
420
0
370
-1
 48
1.0
  6
CONTINUOUS
100
AcDbPolyline
 90
127
 70
0
 10
118.6486561372155677
 20
113.5849954223614446
 30
0.0
 10
118.5442962114270671
 20
113.6545687062204877
 30
0.0
 10
118.6292924791102763
 20
113.7977918335395913
 30
0.0
 10
118.710348072512403
 20
113.9404714195785573
 30
0.0
 10
118.7874629916334612
 20
114.0826074643373573
 30
0.0
 10
118.8606372364734369
 20
114.2241999678160198
 30
0.0
 10
118.9298708070323443
 20
114.3652489300145447
 30
0.0
 10
118.9951637033101832
 20
114.5057543509329037
 30
0.0
 10
119.0565159253069254
 20
114.645716230571125
 30
0.0
 10
119.1139274730226134
 20
114.7851345689291946
 30
0.0
 10
119.1673983464572046
 20
114.9240093660071125
 30
0.0
 10
119.2169285456107275
 20
115.0623406218048927
 30
0.0
 10
119.262518070483182
 20
115.2001283363225212
 30
0.0
 10
119.3041669210745539
 20
115.337372509559998
 30
0.0
 10
119.3418750973848574
 20
115.4740731415173371
 30
0.0
 10
119.3756425994140784
 20
115.6102302321945103
 30
0.0
 10
119.4054694271622168
 20
115.7458437815915602
 30
0.0
 10
119.4313555806292868
 20
115.880913789708444
 30
0.0
 10
119.4545919703556365
 20
116.0170708803856172
 30
0.0
 10
119.4764695068815996
 20
116.155945677463535
 30
0.0
 10
119.4969881902072046
 20
116.2975381809421975
 30
0.0
 10
119.5161480203324373
 20
116.4418483908216047
 30
0.0
 10
119.5503911209817858
 20
116.7386219297826386
 30
0.0
 10
119.5791988088296591
 20
117.0462662943466512
 30
0.0
 10
119.6025710838760432
 20
117.3647814845136281
 30
0.0
 10
119.620507946120938
 20
117.6941675002835694
 30
0.0
 10
119.6330093955643576
 20
118.0344243416564751
 30
0.0
 10
119.640075432206288
 20
118.3855520086323452
 30
0.0
 10
119.6455108450077631
 20
119.0682398564987778
 30
0.0
 10
119.6457826156478461
 20
119.3867550466657548
 30
0.0
 10
119.6444237624474738
 20
119.6900510809885816
 30
0.0
 10
119.6414342854066604
 20
119.9781279594672441
 30
0.0
 10
119.6368141845253916
 20
120.2509856821017564
 30
0.0
 10
119.630563459803696
 20
120.5086242488921044
 30
0.0
 10
119.6226821112415308
 20
120.7510436598383023
 30
0.0
 10
120.2140550240430201
 20
120.4031772405433287
 30
0.0
 10
122.8578398106849505
 20
120.4031772405433287
 30
0.0
 10
122.855801530884392
 20
120.4814471848847006
 30
0.0
 10
122.8496866914827166
 20
120.5597171292260583
 30
0.0
 10
122.8394952924799384
 20
120.6379870735674302
 30
0.0
 10
122.8252273338760432
 20
120.7162570179088021
 30
0.0
 10
122.806882815671031
 20
120.7945269622501598
 30
0.0
 10
122.7844617378649161
 20
120.8727969065915318
 30
0.0
 10
122.75796410045767
 20
120.9510668509329037
 30
0.0
 10
122.7273899034493212
 20
121.0293367952742756
 30
0.0
 10
122.6927391468398696
 20
121.1076067396156475
 30
0.0
 10
122.6540118306292868
 20
121.1858766839570194
 30
0.0
 10
122.6112079548176013
 20
121.2641466282983913
 30
0.0
 10
122.5643275194047987
 20
121.3424165726397774
 30
0.0
 10
122.5133705243908793
 20
121.4206865169811493
 30
0.0
 10
122.458336969775857
 20
121.4989564613225212
 30
0.0
 10
122.3992268555597178
 20
121.5772264056638932
 30
0.0
 10
122.3360401817424616
 20
121.6554963500052651
 30
0.0
 10
122.4056134656014621
 20
121.7598562757937941
 30
0.0
 10
122.5790031339688113
 20
121.6750638360906294
 30
0.0
 10
122.733912398811114
 20
121.5946197266286504
 30
0.0
 10
122.8703412601283702
 20
121.5185239474078713
 30
0.0
 10
122.9882897179205656
 20
121.446776498428278
 30
0.0
 10
123.0877577721877287
 20
121.3793773796898705
 30
0.0
 10
123.1687454229298453
 20
121.3163265911926629
 30
0.0
 10
123.2023090969790076
 20
121.2864318207845002
 30
0.0
 10
123.2312526701469153
 20
121.2576241329366269
 30
0.0
 10
123.2555761424335543
 20
121.2299035276490571
 30
0.0
 10
123.2752795138389388
 20
121.2032700049217766
 30
0.0
 10
123.3078919906478461
 20
121.1521771245878369
 30
0.0
 10
123.3361561372155535
 20
121.1032584093744759
 30
0.0
 10
123.3600719535420893
 20
121.0565138592817078
 30
0.0
 10
123.3796394396274252
 20
121.0119434743095468
 30
0.0
 10
123.3948585954715895
 20
120.9695472544579786
 30
0.0
 10
123.4057294210745539
 20
120.9293251997269891
 30
0.0
 10
123.4122519164363325
 20
120.8912773101166067
 30
0.0
 10
123.4144260815569254
 20
120.8554035856268172
 30
0.0
 10
123.4134748843166705
 20
120.8291777188596541
 30
0.0
 10
123.4106212925958914
 20
120.802680081452408
 30
0.0
 10
123.4058653063945883
 20
120.7759106734051073
 30
0.0
 10
123.3992069257127753
 20
120.7488694947177095
 30
0.0
 10
123.380182980907577
 20
120.6939718254227216
 30
0.0
 10
123.3535494581803107
 20
120.6379870735674302
 30
0.0
 10
123.319306357530948
 20
120.5809152391518353
 30
0.0
 10
123.2774536789595174
 20
120.5227563221759652
 30
0.0
 10
123.2279914224660189
 20
120.4635103226397916
 30
0.0
 10
123.170919588050424
 20
120.4031772405433287
 30
0.0
 10
125.2581181038203795
 20
120.4031772405433287
 30
0.0
 10
125.7799177327628541
 20
120.924976869485775
 30
0.0
 10
126.5104372132823443
 20
120.194457388966299
 30
0.0
 10
120.1792683821135199
 20
120.194457388966299
 30
0.0
 10
120.1781812995532164
 20
119.7995746489384601
 30
0.0
 10
120.1749200518723342
 20
119.4150191932334479
 30
0.0
 10
120.1694846390708449
 20
119.0407910218512626
 30
0.0
 10
120.1618750611487627
 20
118.6768901347918899
 30
0.0
 10
120.1520913181061019
 20
118.3233165320553439
 30
0.0
 10
120.140133409942834
 20
117.9800702136416106
 30
0.0
 10
120.1260013366589732
 20
117.6471511795507041
 30
0.0
 10
120.1096950982545053
 20
117.3245594297826244
 30
0.0
 10
120.0999113552118445
 20
117.1675439424797389
 30
0.0
 10
120.0879534470485765
 20
117.0139255881777984
 30
0.0
 10
120.0738213737647158
 20
116.8637043668767745
 30
0.0
 10
120.0575151353602763
 20
116.7168802785766815
 30
0.0
 10
120.0390347318352298
 20
116.5734533232775192
 30
0.0
 10
120.0183801631895903
 20
116.4334235009792877
 30
0.0
 10
119.9955514294233581
 20
116.2967908116819729
 30
0.0
 10
119.9705485305365329
 20
116.1635552553855888
 30
0.0
 10
119.9433714665291006
 20
116.0337168320901355
 30
0.0
 10
119.9140202374010897
 20
115.9072755417956131
 30
0.0
 10
119.8824948431524859
 20
115.7842313845020072
 30
0.0
 10
119.8487952837832751
 20
115.6645843602093464
 30
0.0
 10
119.8129215592934855
 20
115.5483344689176022
 30
0.0
 10
119.7748736696830889
 20
115.4354817106267745
 30
0.0
 10
119.7346516149520994
 20
115.3260260853368919
 30
0.0
 10
119.6922553951005312
 20
115.2199675930479259
 30
0.0
 10
119.6474132394882872
 20
115.1157435525794739
 30
0.0
 10
119.5998533774752985
 20
115.0117912827510906
 30
0.0
 10
119.5495758090615652
 20
114.9081107835627904
 30
0.0
 10
119.4965805342470873
 20
114.8047020550145447
 30
0.0
 10
119.4408675530318789
 20
114.701565097106382
 30
0.0
 10
119.3824368654159258
 20
114.5986999098382881
 30
0.0
 10
119.3212884713992281
 20
114.4961064932102772
 30
0.0
 10
119.2574223709817858
 20
114.3937848472223351
 30
0.0
 10
119.190838564163613
 20
114.2917349718744617
 30
0.0
 10
119.1215370509446814
 20
114.1899568671666714
 30
0.0
 10
119.0495178313250193
 20
114.0884505330989498
 30
0.0
 10
118.9747809053046126
 20
113.987215969671297
 30
0.0
 10
118.8973262728834612
 20
113.8862531768837272
 30
0.0
 10
118.8171539340615794
 20
113.7855621547362261
 30
0.0
 10
118.7342638888389388
 20
113.6851429032287939
 30
0.0
 10
118.6486561372155677
 20
113.5849954223614446
 30
0.0
 10
118.6486561372155677
 20
113.5849954223614446
 30
0.0
  0
LWPOLYLINE
  5
6F
100
AcDbEntity
  8
0
 62
7
420
0
370
-1
 48
1.0
  6
CONTINUOUS
100
AcDbPolyline
 90
57
 70
0
 10
139.1113949286199443
 20
121.6554963500081641
 30
0.0
 10
139.2419127785155979
 20
121.5698206557247687
 30
0.0
 10
139.3638698532489002
 20
121.4867267825220694
 30
0.0
 10
139.4772661528198512
 20
121.4062147304000803
 30
0.0
 10
139.5821016772284793
 20
121.3282844993588014
 30
0.0
 10
139.6783764264747845
 20
121.2529360893982187
 30
0.0
 10
139.7660904005587383
 20
121.1801695005183461
 30
0.0
 10
139.8452435994803409
 20
121.1099847327191839
 30
0.0
 10
139.9158360232396205
 20
121.0423817860007176
 30
0.0
 10
139.9778676718365489
 20
120.9773606603629759
 30
0.0
 10
140.0313385452711543
 20
120.9149213558059159
 30
0.0
 10
140.0762486435434369
 20
120.8550638723295805
 30
0.0
 10
140.1125979666533397
 20
120.7977882099339411
 30
0.0
 10
140.1403865146009196
 20
120.7430943686190119
 30
0.0
 10
140.1596142873861766
 20
120.6909823483847788
 30
0.0
 10
140.166017883092934
 20
120.6658945211729304
 30
0.0
 10
140.1702812850090822
 20
120.6414521492312559
 30
0.0
 10
140.1724044931346782
 20
120.6176552325597697
 30
0.0
 10
140.172387507469665
 20
120.5945037711584433
 30
0.0
 10
140.1658650121079006
 20
120.5067218544144652
 30
0.0
 10
140.154994186504922
 20
120.4260059743124316
 30
0.0
 10
140.1397750306607861
 20
120.3523561308523142
 30
0.0
 10
140.120207544575436
 20
120.2857723240341272
 30
0.0
 10
140.0962917282489002
 20
120.2262545538578848
 30
0.0
 10
140.0680275816811786
 20
120.1738028203235586
 30
0.0
 10
140.0354151048722713
 20
120.1284171234311486
 30
0.0
 10
139.9984542978221498
 20
120.0900974631806832
 30
0.0
 10
139.9277939314028743
 20
120.0292208398040685
 30
0.0
 10
139.8723527208277346
 20
119.985737537392211
 30
0.0
 10
139.8321306660967593
 20
119.9596475559451108
 30
0.0
 10
139.8177268221728298
 20
119.9531250605833321
 30
0.0
 10
139.80712776720992
 20
119.9509508954627393
 30
0.0
 10
139.7900062168852457
 20
119.9525815193031804
 30
0.0
 10
139.7734282078407375
 20
119.9574733908245179
 30
0.0
 10
139.7573937400763668
 20
119.9656265100267376
 30
0.0
 10
139.7419028135921337
 20
119.9770408769098538
 30
0.0
 10
139.7269554283880382
 20
119.9917164914738521
 30
0.0
 10
139.7125515844641086
 20
120.0096533537187469
 30
0.0
 10
139.6986912818203166
 20
120.0308514636445381
 30
0.0
 10
139.6853745204566906
 20
120.0553108212512115
 30
0.0
 10
139.6603716215698512
 20
120.1140132795072333
 30
0.0
 10
139.6375428878036189
 20
120.1857607284868124
 30
0.0
 10
139.6168883191579653
 20
120.2705531681899629
 30
0.0
 10
139.5984079156329187
 20
120.3683905986166849
 30
0.0
 10
139.579791626787852
 20
120.4383715384357885
 30
0.0
 10
139.558729402182081
 20
120.5091677901751268
 30
0.0
 10
139.535221241815691
 20
120.5807793538346715
 30
0.0
 10
139.5092671456885967
 20
120.6532062294144509
 30
0.0
 10
139.4808671138008549
 20
120.7264484169144652
 30
0.0
 10
139.4500211461524088
 20
120.8005059163346857
 30
0.0
 10
139.3809914035735744
 20
120.9510668509358027
 30
0.0
 10
139.3021779179520649
 20
121.1048890332178019
 30
0.0
 10
139.213580689287852
 20
121.2619724631806974
 30
0.0
 10
139.1151997175809925
 20
121.4223171408244752
 30
0.0
 10
139.0070350028314579
 20
121.5859230661491495
 30
0.0
 10
139.1113949286199443
 20
121.6554963500081641
 30
0.0
 10
139.1113949286199443
 20
121.6554963500081641
 30
0.0
  0
LWPOLYLINE
  5
70
100
AcDbEntity
  8
0
 62
7
420
0
370
-1
 48
1.0
  6
CONTINUOUS
100
AcDbPolyline
 90
15
 70
0
 10
137.441644507733173
 20
119.7422310438833932
 30
0.0
 10
140.9898819845420803
 20
119.7422310438833932
 30
0.0
 10
141.4768949715550548
 20
120.2292440308963535
 30
0.0
 10
142.1726278101450305
 20
119.5335111923064062
 30
0.0
 10
138.5548170494771796
 20
119.5335111923064062
 30
0.0
 10
138.4357815091246664
 20
119.5318805684659651
 30
0.0
 10
138.3221813815736425
 20
119.5269886969446276
 30
0.0
 10
138.2140166668240795
 20
119.5188355777424078
 30
0.0
 10
138.1112873648760342
 20
119.5074212108592917
 30
0.0
 10
138.0139934757294782
 20
119.4927455962952791
 30
0.0
 10
137.922134999384383
 20
119.4748087340503844
 30
0.0
 10
137.8357119358407772
 20
119.4536106241245932
 30
0.0
 10
137.7547242850986891
 20
119.4291512665179056
 30
0.0
 10
137.441644507733173
 20
119.7422310438833932
 30
0.0
 10
137.441644507733173
 20
119.7422310438833932
 30
0.0
  0
LWPOLYLINE
  5
71
100
AcDbEntity
  8
0
 62
7
420
0
370
-1
 48
1.0
  6
CONTINUOUS
100
AcDbPolyline
 90
136
 70
0
 10
141.1290285522493093
 20
118.9421382795071906
 30
0.0
 10
141.0007528101342871
 20
118.6296020434218406
 30
0.0
 10
140.8768253982604506
 20
118.3355462108615512
 30
0.0
 10
140.7572463166277714
 20
118.0599707818262942
 30
0.0
 10
140.6420155652363064
 20
117.802875756316098
 30
0.0
 10
140.5311331440860556
 20
117.5642611343309341
 30
0.0
 10
140.4245990531769621
 20
117.3441269158708167
 30
0.0
 10
140.3224132925090544
 20
117.14247310093576
 30
0.0
 10
140.2245758620823324
 20
116.9592996895257357
 30
0.0
 10
140.3848525970661001
 20
116.8312957180507823
 30
0.0
 10
140.5352097036871442
 20
116.7081836180971663
 30
0.0
 10
140.675647181945493
 20
116.5899633896648737
 30
0.0
 10
140.8061650318411466
 20
116.4766350327539328
 30
0.0
 10
140.9267632533740766
 20
116.3681985473643152
 30
0.0
 10
141.037441846544283
 20
116.2646539334960352
 30
0.0
 10
141.1382008113517941
 20
116.1660011911491068
 30
0.0
 10
141.22904014779661
 20
116.0722403203235018
 30
0.0
 10
141.3099598558787022
 20
115.9833713210192343
 30
0.0
 10
141.3809599355980993
 20
115.8993941932363043
 30
0.0
 10
141.4420403869547727
 20
115.8203089369746976
 30
0.0
 10
141.4932012099487224
 20
115.7461155522344427
 30
0.0
 10
141.5344424045800054
 20
115.6768140390155253
 30
0.0
 10
141.5657639708485647
 20
115.6124043973179312
 30
0.0
 10
141.5777048933468052
 20
115.582034028289641
 30
0.0
 10
141.5871659087544003
 20
115.5528866271416746
 30
0.0
 10
141.5941470170713217
 20
115.5249621938740461
 30
0.0
 10
141.5986482182975408
 20
115.4982607284867555
 30
0.0
 10
141.6092472732604222
 20
115.3982491329394549
 30
0.0
 10
141.6149544567019802
 20
115.3069341978745115
 30
0.0
 10
141.615769768622215
 20
115.224315923291968
 30
0.0
 10
141.611693209021098
 20
115.1503943091917819
 30
0.0
 10
141.6027247778986293
 20
115.0851693555739672
 30
0.0
 10
141.5888644752548657
 20
115.028641062438524
 30
0.0
 10
141.570112301089722
 20
114.9808094297854666
 30
0.0
 10
141.5589017621866788
 20
114.960154861139813
 30
0.0
 10
141.5464682554032834
 20
114.9416744576147664
 30
0.0
 10
141.4986366227502117
 20
114.8807978342381517
 30
0.0
 10
141.45950165057954
 20
114.8373145318262942
 30
0.0
 10
141.4290633388912397
 20
114.8112245503791797
 30
0.0
 10
141.4171054307279576
 20
114.8047020550174011
 30
0.0
 10
141.4073216876852825
 20
114.8025278898968082
 30
0.0
 10
141.3895207107604222
 20
114.8044302843773323
 30
0.0
 10
141.3709044219153554
 20
114.8101374678188904
 30
0.0
 10
141.351472821150054
 20
114.8196494402214825
 30
0.0
 10
141.3312259084645177
 20
114.8329662015851227
 30
0.0
 10
141.3101636838587751
 20
114.8500877519097969
 30
0.0
 10
141.2882861473327978
 20
114.8710140911955051
 30
0.0
 10
141.2420851385201672
 20
114.9242811366500376
 30
0.0
 10
141.1926228820266545
 20
114.9927673379487345
 30
0.0
 10
141.1398993778522595
 20
115.0764726950915957
 30
0.0
 10
141.0839146259969823
 20
115.175397208078607
 30
0.0
 10
141.0246686264607945
 20
115.2895408769097827
 30
0.0
 10
140.9328101501157278
 20
115.4471678481528301
 30
0.0
 10
140.8311679307279576
 20
115.6069689845164703
 30
0.0
 10
140.7197419682975408
 20
115.7689442860006892
 30
0.0
 10
140.5985322628244489
 20
115.9330937526055152
 30
0.0
 10
140.4675388143086536
 20
116.0994173843309198
 30
0.0
 10
140.3267616227502117
 20
116.2679151811769316
 30
0.0
 10
140.1762006881490947
 20
116.438587143143522
 30
0.0
 10
140.0158560105053311
 20
116.6114332702307195
 30
0.0
 10
139.9147573323977269
 20
116.4535345283476033
 30
0.0
 10
139.8027878286871442
 20
116.2929180800637567
 30
0.0
 10
139.6799474993736112
 20
116.1295839253791513
 30
0.0
 10
139.5462363444570997
 20
115.9635320642938154
 30
0.0
 10
139.4016543639376096
 20
115.7947624968077349
 30
0.0
 10
139.2462015578151693
 20
115.6232752229209098
 30
0.0
 10
139.0798779260897504
 20
115.4490702426333399
 30
0.0
 10
138.902683468761353
 20
115.2721475559450539
 30
0.0
 10
138.7178794335108876
 20
115.0968554930971806
 30
0.0
 10
138.5287270680192364
 20
114.9275423843309341
 30
0.0
 10
138.3352263722863995
 20
114.7642082296463286
 30
0.0
 10
138.1373773463123769
 20
114.6068530290433642
 30
0.0
 10
137.9351799900971685
 20
114.4554767825220267
 30
0.0
 10
137.7286343036407743
 20
114.3100794900823161
 30
0.0
 10
137.517740286943166
 20
114.1706611517242322
 30
0.0
 10
137.3024979400044003
 20
114.0372217674477895
 30
0.0
 10
137.2329246561453999
 20
114.1415816932362901
 30
0.0
 10
137.3815831962659786
 20
114.2657808757502238
 30
0.0
 10
137.5318723602270268
 20
114.3948719297854666
 30
0.0
 10
137.6837921480285161
 20
114.5288548553420611
 30
0.0
 10
137.8373425596704465
 20
114.6677296524199789
 30
0.0
 10
137.992523595152818
 20
114.8114963210192343
 30
0.0
 10
138.1493352544756306
 20
114.9601548611398272
 30
0.0
 10
138.3077775376388843
 20
115.1137052727817718
 30
0.0
 10
138.4678504446425791
 20
115.2721475559450539
 30
0.0
 10
138.547954840804465
 20
115.3540184612674011
 30
0.0
 10
138.6273798103661647
 20
115.4387429583105416
 30
0.0
 10
138.7061253533276783
 20
115.5263210470744468
 30
0.0
 10
138.7841914696889773
 20
115.6167527275591453
 30
0.0
 10
138.8615781594501186
 20
115.7100379997646229
 30
0.0
 10
138.9382854226110737
 20
115.8061768636908653
 30
0.0
 10
139.0143132591718143
 20
115.9051693193379009
 30
0.0
 10
139.089661669132397
 20
116.0070153667057014
 30
0.0
 10
139.1643306524927937
 20
116.1117150057942951
 30
0.0
 10
139.2383202092530041
 20
116.2192682366036678
 30
0.0
 10
139.3116303394130284
 20
116.3296750591338196
 30
0.0
 10
139.3842610429728381
 20
116.4429354733847362
 30
0.0
 10
139.4562123199324901
 20
116.559049479356446
 30
0.0
 10
139.5274841702919559
 20
116.6780170770489349
 30
0.0
 10
139.6679895912103291
 20
116.9245130475962497
 30
0.0
 10
139.4592697396333278
 20
117.1305151927724921
 30
0.0
 10
139.250549888056355
 20
117.3310819251472594
 30
0.0
 10
139.0418300364793538
 20
117.5262132447205374
 30
0.0
 10
138.8331101849023526
 20
117.7159091514923404
 30
0.0
 10
138.6243903333253797
 20
117.900169645462654
 30
0.0
 10
138.4156704817483785
 20
118.0789947266314783
 30
0.0
 10
138.2069506301713773
 20
118.2523843949988134
 30
0.0
 10
137.998230778594376
 20
118.4203386505646591
 30
0.0
 10
138.0678040624533764
 20
118.5246985763531882
 30
0.0
 10
138.3009832716370511
 20
118.3757682655925123
 30
0.0
 10
138.5309012331398435
 20
118.2246637897112578
 30
0.0
 10
138.7575579469617253
 20
118.0713851487093962
 30
0.0
 10
138.9809534131027249
 20
117.9159323425869417
 30
0.0
 10
139.2010876315628423
 20
117.7583053713438943
 30
0.0
 10
139.417960602342049
 20
117.5985042349802683
 30
0.0
 10
139.6315723254403736
 20
117.4365289334960494
 30
0.0
 10
139.8419228008578159
 20
117.2723794668912376
 30
0.0
 10
139.9063324425553958
 20
117.3914150072437366
 30
0.0
 10
139.9691114604125346
 20
117.513711795277132
 30
0.0
 10
140.0302598544292607
 20
117.6392698309914095
 30
0.0
 10
140.0897776246055173
 20
117.7680891143865836
 30
0.0
 10
140.1476647709413044
 20
117.900169645462654
 30
0.0
 10
140.2039212934366788
 20
118.0355114242196066
 30
0.0
 10
140.258547192091612
 20
118.1741144506574557
 30
0.0
 10
140.3115424669060758
 20
118.3159787247761869
 30
0.0
 10
140.3629071178800984
 20
118.4611042465758146
 30
0.0
 10
140.41264114501368
 20
118.6094910160563387
 30
0.0
 10
140.4607445483068204
 20
118.761139033217745
 30
0.0
 10
140.5072173277595198
 20
118.9160482980600477
 30
0.0
 10
140.5520594833717496
 20
119.0742188105832469
 30
0.0
 10
140.5952710151435667
 20
119.2356505707873282
 30
0.0
 10
140.6368519230749143
 20
119.4003435786722918
 30
0.0
 10
140.6768022071658208
 20
119.5682978342381517
 30
0.0
 10
141.442108329614797
 20
119.1508581310841635
 30
0.0
 10
141.1290285522493093
 20
118.9421382795071906
 30
0.0
 10
141.1290285522493093
 20
118.9421382795071906
 30
0.0
  0
LWPOLYLINE
  5
72
100
AcDbEntity
  8
0
 62
7
420
0
370
-1
 48
1.0
  6
CONTINUOUS
100
AcDbPolyline
 90
18
 70
0
 10
143.2510137099561121
 20
119.742231043884118
 30
0.0
 10
143.2510137099561121
 20
116.8549397637357004
 30
0.0
 10
143.2531878750766907
 20
116.5809949585408987
 30
0.0
 10
143.2597103704384836
 20
116.2809601718989683
 30
0.0
 10
143.2705811960414337
 20
115.9548354038099092
 30
0.0
 10
143.285800351885598
 20
115.6026206542737498
 30
0.0
 10
142.7640007229431092
 20
115.3939008026967201
 30
0.0
 10
142.7792198787872735
 20
116.0244086876688954
 30
0.0
 10
142.7900907043902521
 20
116.6636132331234421
 30
0.0
 10
142.7966131997520449
 20
117.3115144390603604
 30
0.0
 10
142.7987873648726236
 20
117.9681123054796359
 30
0.0
 10
142.7966131997520449
 20
118.6138393462959897
 30
0.0
 10
142.7900907043902521
 20
119.2291280754240148
 30
0.0
 10
142.7792198787872735
 20
119.8139784928637113
 30
0.0
 10
142.7640007229431092
 20
120.3683905986150933
 30
0.0
 10
143.5640934873215997
 20
120.0205241793201054
 30
0.0
 10
143.2510137099561121
 20
119.742231043884118
 30
0.0
 10
143.2510137099561121
 20
119.742231043884118
 30
0.0
  0
LWPOLYLINE
  5
73
100
AcDbEntity
  8
0
 62
7
420
0
370
-1
 48
1.0
  6
CONTINUOUS
100
AcDbPolyline
 90
74
 70
0
 10
144.4685461774836313
 20
119.9857375373896673
 30
0.0
 10
144.4663720123630526
 20
120.4183963963877915
 30
0.0
 10
144.4598495170012598
 20
120.8467069251447441
 30
0.0
 10
144.4489786913982812
 20
121.2706691236605252
 30
0.0
 10
144.4337595355541453
 20
121.6902829919351063
 30
0.0
 10
145.2338522999326074
 20
121.3076299307106609
 30
0.0
 10
144.9207725225671481
 20
121.0293367952746451
 30
0.0
 10
144.9207725225671481
 20
114.7329546060353067
 30
0.0
 10
144.9242375982280748
 20
114.6834244068817839
 30
0.0
 10
144.9259361647285402
 20
114.6348454049685159
 30
0.0
 10
144.9258682220685159
 20
114.587217600295503
 30
0.0
 10
144.9240337702480304
 20
114.5405409928627591
 30
0.0
 10
144.9204328092670266
 20
114.4948155826702703
 30
0.0
 10
144.9150653391255616
 20
114.4500413697180363
 30
0.0
 10
144.9079313598236354
 20
114.4062183540060715
 30
0.0
 10
144.899030871361191
 20
114.3633465355343617
 30
0.0
 10
144.8883638737382853
 20
114.321425914302921
 30
0.0
 10
144.8759303669548899
 20
114.2804564903117353
 30
0.0
 10
144.8617303510110048
 20
114.2404382635608044
 30
0.0
 10
144.8457638259066584
 20
114.2013712340501428
 30
0.0
 10
144.8085312482164682
 20
114.1260907667495843
 30
0.0
 10
144.7642326338843759
 20
114.0546150884100598
 30
0.0
 10
144.7128679829103532
 20
113.9869441990315835
 30
0.0
 10
144.6544372952944002
 20
113.9230780986141411
 30
0.0
 10
144.5889405710365168
 20
113.863016787157747
 30
0.0
 10
144.5163778101367029
 20
113.8067602646623868
 30
0.0
 10
144.4367490125949587
 20
113.7543085311280748
 30
0.0
 10
144.3500541784112841
 20
113.7056615865547826
 30
0.0
 10
144.256293307585679
 20
113.6608194309425528
 30
0.0
 10
144.1554664001181436
 20
113.6197820642913427
 30
0.0
 10
144.1522730950972857
 20
113.654262964250762
 30
0.0
 10
144.1470415102758409
 20
113.6881323802700052
 30
0.0
 10
144.139771645653866
 20
113.7213903123490866
 30
0.0
 10
144.1304635012313327
 20
113.7540367604880061
 30
0.0
 10
144.1191170770082124
 20
113.7860717246867495
 30
0.0
 10
144.1057323729845621
 20
113.817495204945331
 30
0.0
 10
144.0903093891603532
 20
113.8483072012637365
 30
0.0
 10
144.072848125535586
 20
113.8785077136419943
 30
0.0
 10
144.0318107588843759
 20
113.9370742865779818
 30
0.0
 10
143.9826202730309603
 20
113.9931949237533075
 30
0.0
 10
143.9252766679752824
 20
114.0468696251679575
 30
0.0
 10
143.859779943717399
 20
114.0980983908219457
 30
0.0
 10
143.78613010025731
 20
114.1468812207152581
 30
0.0
 10
143.7043271375949587
 20
114.1932181148479089
 30
0.0
 10
143.6143710557304018
 20
114.2371090732198979
 30
0.0
 10
143.5162618546636111
 20
114.2785540958312112
 30
0.0
 10
143.4099995343945864
 20
114.3175531826818627
 30
0.0
 10
143.2955840949233561
 20
114.3541063337718526
 30
0.0
 10
143.173015536249892
 20
114.3882135491011667
 30
0.0
 10
143.0422938583741939
 20
114.4198748286698049
 30
0.0
 10
143.0422938583741939
 20
114.5590213963878057
 30
0.0
 10
143.426034002158957
 20
114.5285830846994912
 30
0.0
 10
143.7423750272053269
 20
114.5068414334935483
 30
0.0
 10
143.9913169335133034
 20
114.4937964427699768
 30
0.0
 10
144.0905132171403977
 20
114.4905351950890804
 30
0.0
 10
144.1728597210828866
 20
114.4894481125287911
 30
0.0
 10
144.2086655029126518
 20
114.4908069657291634
 30
0.0
 10
144.2421612343018182
 20
114.4948835253302803
 30
0.0
 10
144.2733469152503289
 20
114.5016777913321278
 30
0.0
 10
144.3022225457582124
 20
114.511189763734734
 30
0.0
 10
144.3287881258254686
 20
114.5234194425380707
 30
0.0
 10
144.3530436554520975
 20
114.5383668277421663
 30
0.0
 10
144.3749891346380991
 20
114.5560319193469923
 30
0.0
 10
144.3946245633834451
 20
114.5764147173525629
 30
0.0
 10
144.4119499416881922
 20
114.599515221758864
 30
0.0
 10
144.4269652695522836
 20
114.6253334325659239
 30
0.0
 10
144.4396705469757478
 20
114.6538693497737142
 30
0.0
 10
144.4500657739585847
 20
114.6851229733822493
 30
0.0
 10
144.4581509505007944
 20
114.7190943033915289
 30
0.0
 10
144.4639260766023767
 20
114.7557833398015532
 30
0.0
 10
144.4673911522633318
 20
114.7951900826123079
 30
0.0
 10
144.4685461774836313
 20
114.8373145318238073
 30
0.0
 10
144.4685461774836313
 20
119.9857375373896673
 30
0.0
 10
144.4685461774836313
 20
119.9857375373896673
 30
0.0
  0
LWPOLYLINE
  5
74
100
AcDbEntity
  8
0
 62
7
420
0
370
-1
 48
1.0
  6
CONTINUOUS
100
AcDbPolyline
 90
6
 70
0
 10
150.3821810327567903
 20
116.6810065540916241
 30
0.0
 10
150.3821810327567903
 20
114.7329546060396837
 30
0.0
 10
152.6085261162447182
 20
114.7329546060396837
 30
0.0
 10
152.6085261162447182
 20
116.6810065540916241
 30
0.0
 10
150.3821810327567903
 20
116.6810065540916241
 30
0.0
 10
150.3821810327567903
 20
116.6810065540916241
 30
0.0
  0
LWPOLYLINE
  5
75
100
AcDbEntity
  8
0
 62
7
420
0
370
-1
 48
1.0
  6
CONTINUOUS
100
AcDbPolyline
 90
31
 70
0
 10
149.8603814038188204
 20
113.6893553481500874
 30
0.0
 10
149.8685345230210544
 20
113.953516410302214
 30
0.0
 10
149.8756005596629564
 20
114.2763799307103767
 30
0.0
 10
149.8815795137445832
 20
114.6579459093745754
 30
0.0
 10
149.8864713852659349
 20
115.0982143462948102
 30
0.0
 10
149.8929938806276994
 20
116.1548585949033452
 30
0.0
 10
149.895168045748278
 20
117.4463126765359959
 30
0.0
 10
149.8929938806276994
 20
118.729070097686261
 30
0.0
 10
149.8864713852659349
 20
119.7596243648476673
 30
0.0
 10
149.8815795137445832
 20
120.1803253156825519
 30
0.0
 10
149.8756005596629564
 20
120.537975478020229
 30
0.0
 10
149.8685345230210544
 20
120.8325748518606702
 30
0.0
 10
149.8603814038188204
 20
121.0641234372039037
 30
0.0
 10
150.3821810327612809
 20
120.71625701790893
 30
0.0
 10
152.5389528323902368
 20
120.71625701790893
 30
0.0
 10
152.8172459678262385
 20
121.0989100791333897
 30
0.0
 10
153.4086188806276994
 20
120.6118970921204152
 30
0.0
 10
153.0955391032622117
 20
120.3683905986138996
 30
0.0
 10
153.0977132683828188
 20
117.8985390216194702
 30
0.0
 10
153.1004309747835634
 20
116.8853780754228069
 30
0.0
 10
153.1042357637446116
 20
116.0200603574265159
 30
0.0
 10
153.1091276352659349
 20
115.3025858676305972
 30
0.0
 10
153.1151065893475902
 20
114.7329546060350509
 30
0.0
 10
153.1221726259895206
 20
114.3111665726398769
 30
0.0
 10
153.1303257451917545
 20
114.037221767445061
 30
0.0
 10
152.6085261162492088
 20
113.7937152739386022
 30
0.0
 10
152.6085261162492088
 20
114.5242347544580781
 30
0.0
 10
150.3821810327612809
 20
114.5242347544580781
 30
0.0
 10
150.3821810327612809
 20
113.898075199727117
 30
0.0
 10
149.8603814038188204
 20
113.6893553481500874
 30
0.0
 10
149.8603814038188204
 20
113.6893553481500874
 30
0.0
  0
LWPOLYLINE
  5
76
100
AcDbEntity
  8
0
 62
7
420
0
370
-1
 48
1.0
  6
CONTINUOUS
100
AcDbPolyline
 90
6
 70
0
 10
150.3821810327567903
 20
120.5075371663325257
 30
0.0
 10
150.3821810327567903
 20
118.7682050698576148
 30
0.0
 10
152.6085261162447182
 20
118.7682050698576148
 30
0.0
 10
152.6085261162447182
 20
120.5075371663325257
 30
0.0
 10
150.3821810327567903
 20
120.5075371663325257
 30
0.0
 10
150.3821810327567903
 20
120.5075371663325257
 30
0.0
  0
LWPOLYLINE
  5
77
100
AcDbEntity
  8
0
 62
7
420
0
370
-1
 48
1.0
  6
CONTINUOUS
100
AcDbPolyline
 90
6
 70
0
 10
150.3821810327567903
 20
118.5594852182824326
 30
0.0
 10
150.3821810327567903
 20
116.8897264056664937
 30
0.0
 10
152.6085261162447182
 20
116.8897264056664937
 30
0.0
 10
152.6085261162447182
 20
118.5594852182824326
 30
0.0
 10
150.3821810327567903
 20
118.5594852182824326
 30
0.0
 10
150.3821810327567903
 20
118.5594852182824326
 30
0.0
  0
LWPOLYLINE
  5
78
100
AcDbEntity
  8
0
 62
7
420
0
370
-1
 48
1.0
  6
CONTINUOUS
100
AcDbPolyline
 90
121
 70
0
 10
147.529676394538626
 20
119.3943646245878369
 30
0.0
 10
147.5275022294180474
 20
120.0596591514895124
 30
0.0
 10
147.5209797340562545
 20
120.6640770550145589
 30
0.0
 10
147.5101089084533044
 20
121.2076183351629766
 30
0.0
 10
147.503042871811374
 20
121.4565602414709389
 30
0.0
 10
147.4948897526091685
 20
121.6902829919347511
 30
0.0
 10
148.2949825169876306
 20
121.3424165726397916
 30
0.0
 10
147.9819027396221145
 20
121.06412343720379
 30
0.0
 10
147.9819027396221145
 20
119.3943646245878369
 30
0.0
 10
148.6776355782120902
 20
119.3943646245878369
 30
0.0
 10
149.0950752813660927
 20
119.8465909696713254
 30
0.0
 10
149.686448194167582
 20
119.1856447730108073
 30
0.0
 10
147.9819027396221145
 20
119.1856447730108073
 30
0.0
 10
147.9819027396221145
 20
118.350765366702845
 30
0.0
 10
148.1490416832677681
 20
118.2985854038086018
 30
0.0
 10
148.3025920949096985
 20
118.2464054409143586
 30
0.0
 10
148.4425539745479057
 20
118.1942254780201011
 30
0.0
 10
148.568927322182418
 20
118.1420455151258579
 30
0.0
 10
148.6817121378132356
 20
118.0898655522316005
 30
0.0
 10
148.7809084214403015
 20
118.0376855893373573
 30
0.0
 10
148.866516173063701
 20
117.9855056264430999
 30
0.0
 10
148.9385353926833488
 20
117.9333256635488567
 30
0.0
 10
148.9996837867000465
 20
117.8806021593744617
 30
0.0
 10
149.0526790615145103
 20
117.8267915726397632
 30
0.0
 10
149.0975212171267401
 20
117.7718939033447754
 30
0.0
 10
149.1342102535367644
 20
117.715909151489484
 30
0.0
 10
149.1627461707445548
 20
117.6588373170739033
 30
0.0
 10
149.1739567096476264
 20
117.6298937439060097
 30
0.0
 10
149.1831289687501112
 20
117.600678400098019
 30
0.0
 10
149.1902629480520659
 20
117.5711912856499737
 30
0.0
 10
149.1953586475534621
 20
117.5414324005618454
 30
0.0
 10
149.1984160672542998
 20
117.5114017448336483
 30
0.0
 10
149.1994352071545791
 20
117.4810993184653682
 30
0.0
 10
149.1983481245942755
 20
117.4452255939755787
 30
0.0
 10
149.1950868769133933
 20
117.4071777043651821
 30
0.0
 10
149.189651464111904
 20
117.3669556496342068
 30
0.0
 10
149.1820418861898361
 20
117.3245594297826386
 30
0.0
 10
149.1603002349839073
 20
117.2332444947176953
 30
0.0
 10
149.1298619232956071
 20
117.1332328991703804
 30
0.0
 10
149.1124686023308357
 20
117.0843141839570336
 30
0.0
 10
149.0950752813660927
 20
117.0419179641054512
 30
0.0
 10
149.0776819604013497
 20
117.0060442396156617
 30
0.0
 10
149.0602886394366067
 20
116.9766930104876508
 30
0.0
 10
149.0428953184718353
 20
116.9538642767214185
 30
0.0
 10
149.0255019975070923
 20
116.937558038316979
 30
0.0
 10
149.0081086765423493
 20
116.927774295274304
 30
0.0
 10
148.9907153555775778
 20
116.9245130475934076
 30
0.0
 10
148.9816110391351174
 20
116.9258719007937799
 30
0.0
 10
148.9716914107723937
 20
116.9299484603948969
 30
0.0
 10
148.9494062182863274
 20
116.9462546987993505
 30
0.0
 10
148.9238597781193505
 20
116.9734317628067686
 30
0.0
 10
148.8950520902714914
 20
117.011479652417151
 30
0.0
 10
148.8629831547427216
 20
117.060398367630512
 30
0.0
 10
148.827652971533098
 20
117.1201879084468374
 30
0.0
 10
148.7890615406425638
 20
117.1908482748661271
 30
0.0
 10
148.747208862071119
 20
117.2723794668883954
 30
0.0
 10
148.6743743305312364
 20
117.4006552090034177
 30
0.0
 10
148.595017303629561
 20
117.5245826208772542
 30
0.0
 10
148.5091377813660927
 20
117.6441617025099049
 30
0.0
 10
148.41673576374086
 20
117.7593924539013699
 30
0.0
 10
148.3178112507538344
 20
117.8702748750516491
 30
0.0
 10
148.2123642424050445
 20
117.9768089659607426
 30
0.0
 10
148.1003947386944617
 20
118.0789947266286504
 30
0.0
 10
147.9819027396221145
 20
118.1768321570553724
 30
0.0
 10
147.9840769047426932
 20
116.6310007563132416
 30
0.0
 10
147.9867946111434378
 20
115.9771205962946823
 30
0.0
 10
147.990599400104486
 20
115.4025974631777984
 30
0.0
 10
147.9954912716258377
 20
114.90743135696259
 30
0.0
 10
148.0014702257074646
 20
114.4916222776490571
 30
0.0
 10
148.008536262349395
 20
114.1551702252371996
 30
0.0
 10
148.0166893815516289
 20
113.8980751997270033
 30
0.0
 10
147.4948897526091685
 20
113.6545687062204877
 30
0.0
 10
147.5101089084533044
 20
114.7199096153113942
 30
0.0
 10
147.5209797340562545
 20
115.759160542955172
 30
0.0
 10
147.5275022294180474
 20
116.7723214891518353
 30
0.0
 10
147.529676394538626
 20
117.7593924539013699
 30
0.0
 10
147.4409432805544213
 20
117.5650764462482982
 30
0.0
 10
147.3486771482492088
 20
117.3734781449959854
 30
0.0
 10
147.2528779976230453
 20
117.184597550144403
 30
0.0
 10
147.1535458286759308
 20
116.9984346616935653
 30
0.0
 10
147.0506806414078369
 20
116.8149894796434722
 30
0.0
 10
146.944282435818792
 20
116.6342620039941238
 30
0.0
 10
146.8343512119087677
 20
116.45625223474552
 30
0.0
 10
146.7208869696777924
 20
116.2809601718976467
 30
0.0
 10
146.6038897091258377
 20
116.1083858154505322
 30
0.0
 10
146.483359430252932
 20
115.9385291654041481
 30
0.0
 10
146.359296133059047
 20
115.7713902217585087
 30
0.0
 10
146.2316998175442109
 20
115.6069689845136139
 30
0.0
 10
146.1005704837083954
 20
115.4452654536694638
 30
0.0
 10
145.9659081315516289
 20
115.2862796292260583
 30
0.0
 10
145.827712761073883
 20
115.1300115111833975
 30
0.0
 10
145.6859843722751862
 20
114.9764610995414671
 30
0.0
 10
145.5816244464866998
 20
115.0460343834004249
 30
0.0
 10
145.7520246378132356
 20
115.3027217529505322
 30
0.0
 10
145.915358792497841
 20
115.5596808931407082
 30
0.0
 10
146.0716269105405161
 20
115.8169118039709389
 30
0.0
 10
146.2208289919412607
 20
116.0744144854412667
 30
0.0
 10
146.3629650367000465
 20
116.3321889375516491
 30
0.0
 10
146.4980350448169304
 20
116.5902351603021145
 30
0.0
 10
146.6260390162918839
 20
116.8485531536926487
 30
0.0
 10
146.7469769511249069
 20
117.1071429177232659
 30
0.0
 10
146.8608488493159996
 20
117.3660044523939519
 30
0.0
 10
146.9676547108651619
 20
117.6251377577047066
 30
0.0
 10
147.0673945357724222
 20
117.8845428336555301
 30
0.0
 10
147.1600683240377236
 20
118.1442196802464366
 30
0.0
 10
147.2456760756610947
 20
118.4041682974774261
 30
0.0
 10
147.3242177906425354
 20
118.6643886853484702
 30
0.0
 10
147.3956934689820457
 20
118.9248808438595972
 30
0.0
 10
147.4601031106796256
 20
119.1856447730108073
 30
0.0
 10
146.9383034817371936
 20
119.1856447730108073
 30
0.0
 10
146.8263339780266108
 20
119.1840141491703662
 30
0.0
 10
146.7165386394366067
 20
119.1791222776490287
 30
0.0
 10
146.6089174659672096
 20
119.1709691584468089
 30
0.0
 10
146.5034704576184197
 20
119.1595547915636928
 30
0.0
 10
146.4001976143902084
 20
119.1448791769996802
 30
0.0
 10
146.2990989362826042
 20
119.1269423147547997
 30
0.0
 10
146.2001744232955787
 20
119.1057442048290085
 30
0.0
 10
146.1034240754291602
 20
119.0812848472223351
 30
0.0
 10
145.790344298063701
 20
119.3943646245878369
 30
0.0
 10
147.529676394538626
 20
119.3943646245878369
 30
0.0
 10
147.529676394538626
 20
119.3943646245878369
 30
0.0
  0
LWPOLYLINE
  5
79
100
AcDbEntity
  8
0
 62
7
420
0
370
-1
 48
1.0
  6
CONTINUOUS
100
AcDbPolyline
 90
139
 70
0
 10
159.357040377831396
 20
115.1851809511184399
 30
0.0
 10
159.3592145429519746
 20
114.6938196338642655
 30
0.0
 10
159.3657370383137675
 20
114.2981215819162202
 30
0.0
 10
159.3706289098350908
 20
114.1361462804319871
 30
0.0
 10
159.3766078639167461
 20
113.9980867952742898
 30
0.0
 10
159.3836739005586765
 20
113.8839431264431283
 30
0.0
 10
159.391827019760882
 20
113.7937152739384885
 30
0.0
 10
158.8352407488889071
 20
113.5849954223614446
 30
0.0
 10
158.843393868091141
 20
113.6904424307102488
 30
0.0
 10
158.8504599047330714
 20
113.8154569251443888
 30
0.0
 10
158.8564388588146983
 20
113.9600389056638789
 30
0.0
 10
158.8613307303360216
 20
114.1241883722687049
 30
0.0
 10
158.867853225697786
 20
114.5111897637344072
 30
0.0
 10
158.8700273908183931
 20
114.9764610995414671
 30
0.0
 10
158.8700273908183931
 20
117.2028061830293666
 30
0.0
 10
158.0003613425809306
 20
117.2028061830293666
 30
0.0
 10
157.8883918388703762
 20
117.2011755591889113
 30
0.0
 10
157.7785965002804005
 20
117.1962836876675738
 30
0.0
 10
157.6709753268110035
 20
117.188130568465354
 30
0.0
 10
157.5655283184621851
 20
117.1767162015822521
 30
0.0
 10
157.4622554752340022
 20
117.1620405870182395
 30
0.0
 10
157.3611567971263696
 20
117.144103724773359
 30
0.0
 10
157.2622322841393725
 20
117.122905614847582
 30
0.0
 10
157.165481936272954
 20
117.0984462572409086
 30
0.0
 10
156.8524021589074664
 20
117.411526034606382
 30
0.0
 10
158.8700273908183931
 20
117.411526034606382
 30
0.0
 10
158.8700273908183931
 20
118.6638451440683468
 30
0.0
 10
158.3830144038054186
 20
118.6638451440683468
 30
0.0
 10
158.2710449000948358
 20
118.6622145202278915
 30
0.0
 10
158.1612495615048601
 20
118.6573226487065682
 30
0.0
 10
158.0536283880354631
 20
118.6491695295043343
 30
0.0
 10
157.9481813796866732
 20
118.6377551626212181
 30
0.0
 10
157.8449085364584903
 20
118.6230795480572056
 30
0.0
 10
157.7438098583508861
 20
118.6051426858123108
 30
0.0
 10
157.6448853453638606
 20
118.5839445758865054
 30
0.0
 10
157.5481349974974421
 20
118.5594852182798178
 30
0.0
 10
157.2350552201319545
 20
118.8725649956453196
 30
0.0
 10
158.8700273908183931
 20
118.8725649956453196
 30
0.0
 10
158.8700273908183931
 20
120.0900974631777842
 30
0.0
 10
158.0699346264399594
 20
120.0900974631777842
 30
0.0
 10
157.9579651227293766
 20
120.0884668393373289
 30
0.0
 10
157.8481697841393725
 20
120.0835749678160056
 30
0.0
 10
157.7405486106699755
 20
120.0754218486137717
 30
0.0
 10
157.6351016023211855
 20
120.0640074817306697
 30
0.0
 10
157.5318287590930026
 20
120.0493318671666572
 30
0.0
 10
157.43073008098537
 20
120.0313950049217624
 30
0.0
 10
157.3318055679983729
 20
120.0101968949959854
 30
0.0
 10
157.2350552201319545
 20
119.985737537389312
 30
0.0
 10
156.9219754427664668
 20
120.2988173147548139
 30
0.0
 10
158.8700273908183931
 20
120.2988173147548139
 30
0.0
 10
158.867853225697786
 20
120.8075719529737313
 30
0.0
 10
158.8613307303360216
 20
121.2206633258865338
 30
0.0
 10
158.8564388588146983
 20
121.3913352878531384
 30
0.0
 10
158.8504599047330714
 20
121.5380914334932072
 30
0.0
 10
158.843393868091141
 20
121.6609317628067686
 30
0.0
 10
158.8352407488889071
 20
121.7598562757937941
 30
0.0
 10
159.6701201551968836
 20
121.4119898564987494
 30
0.0
 10
159.357040377831396
 20
121.133696721062762
 30
0.0
 10
159.357040377831396
 20
120.2988173147548139
 30
0.0
 10
160.5745728453638606
 20
120.2988173147548139
 30
0.0
 10
161.0615858323768634
 20
120.7510436598383023
 30
0.0
 10
161.6529587451783243
 20
120.0900974631777842
 30
0.0
 10
159.357040377831396
 20
120.0900974631777842
 30
0.0
 10
159.357040377831396
 20
118.8725649956453196
 30
0.0
 10
160.2267064260688585
 20
118.8725649956453196
 30
0.0
 10
160.7137194130818614
 20
119.2900046987993079
 30
0.0
 10
161.2703056839538363
 20
118.6638451440683468
 30
0.0
 10
159.357040377831396
 20
118.6638451440683468
 30
0.0
 10
159.357040377831396
 20
117.411526034606382
 30
0.0
 10
160.922439264658891
 20
117.411526034606382
 30
0.0
 10
161.2007324000948358
 20
117.7941790958308559
 30
0.0
 10
161.7573186709668107
 20
117.3071661088178814
 30
0.0
 10
161.4442388936013231
 20
117.0984462572409086
 30
0.0
 10
161.4254867194362077
 20
116.700845810812325
 30
0.0
 10
161.4040168388703478
 20
116.3429238778345791
 30
0.0
 10
161.3798292519037432
 20
116.024680458307671
 30
0.0
 10
161.3529239585363939
 20
115.7461155522316005
 30
0.0
 10
161.33845217195244
 20
115.6217125417376224
 30
0.0
 10
161.3233009587683
 20
115.5072291596063678
 30
0.0
 10
161.3074703189840022
 20
115.4026654058378085
 30
0.0
 10
161.2909602525994899
 20
115.3080212804319729
 30
0.0
 10
161.2737707596147914
 20
115.2232967833888324
 30
0.0
 10
161.2559018400299067
 20
115.1484919147084156
 30
0.0
 10
161.2373534938448643
 20
115.083606674390694
 30
0.0
 10
161.2181257210596073
 20
115.0286410624356961
 30
0.0
 10
161.1971314391138606
 20
114.9795185192422906
 30
0.0
 10
161.173283565447349
 20
114.9321624852093606
 30
0.0
 10
161.1465821000600727
 20
114.8865729603369061
 30
0.0
 10
161.1170270429520031
 20
114.8427499446249413
 30
0.0
 10
161.0846183941231402
 20
114.8006934380734521
 30
0.0
 10
161.0493561535735125
 20
114.7604034406824525
 30
0.0
 10
161.0112403213030916
 20
114.7218799524519284
 30
0.0
 10
160.9702708973119059
 20
114.685122973381894
 30
0.0
 10
160.9264478815999553
 20
114.6501325034723351
 30
0.0
 10
160.879771274167183
 20
114.6169085427232659
 30
0.0
 10
160.8302410750136744
 20
114.5854510911346722
 30
0.0
 10
160.7778572841393725
 20
114.555760148706554
 30
0.0
 10
160.7226199015442774
 20
114.5278357154389255
 30
0.0
 10
160.6645289272284174
 20
114.5016777913317867
 30
0.0
 10
160.6035843611917642
 20
114.4772863763851234
 30
0.0
 10
160.5397862034343461
 20
114.4546614705989498
 30
0.0
 10
160.5323125108322984
 20
114.5144510114152752
 30
0.0
 10
160.5185880935085549
 20
114.5720663871110219
 30
0.0
 10
160.4986129514631159
 20
114.6275075976861615
 30
0.0
 10
160.4723870846959528
 20
114.6807746431407082
 30
0.0
 10
160.4399104932070941
 20
114.7318675234746621
 30
0.0
 10
160.4011831769965113
 20
114.7807862386880231
 30
0.0
 10
160.3562051360642329
 20
114.827530788780777
 30
0.0
 10
160.3049763704102304
 20
114.8721011737529523
 30
0.0
 10
160.2474968800345323
 20
114.9144973936045346
 30
0.0
 10
160.1837666649371386
 20
114.9547194483355099
 30
0.0
 10
160.1137857251180208
 20
114.9927673379459065
 30
0.0
 10
160.0375540605772073
 20
115.0286410624356961
 30
0.0
 10
159.9550716713146983
 20
115.062340621804907
 30
0.0
 10
159.8663385573304652
 20
115.0938660160535107
 30
0.0
 10
159.7713547186245364
 20
115.1232172451815359
 30
0.0
 10
159.6701201551968836
 20
115.1503943091889539
 30
0.0
 10
159.6701201551968836
 20
115.2895408769069547
 30
0.0
 10
160.218009765586487
 20
115.2330125837715116
 30
0.0
 10
160.5397862034343461
 20
115.2025742720831829
 30
0.0
 10
160.5895202305679277
 20
115.2012154188828106
 30
0.0
 10
160.6343623861801859
 20
115.2058355197640793
 30
0.0
 10
160.6743126702710924
 20
115.2164345747269749
 30
0.0
 10
160.7093710828406756
 20
115.2330125837714974
 30
0.0
 10
160.7395376238889071
 20
115.2555695468976609
 30
0.0
 10
160.7648122934158152
 20
115.2841054641054512
 30
0.0
 10
160.7851950914213717
 20
115.3186203353948684
 30
0.0
 10
160.8006860179056048
 20
115.3591141607659267
 30
0.0
 10
160.8074123412474421
 20
115.3866988807334479
 30
0.0
 10
160.8145463205493684
 20
115.4259697382241825
 30
0.0
 10
160.8300372470336015
 20
115.5395698657751922
 30
0.0
 10
160.8471587973582757
 20
115.6999145434189842
 30
0.0
 10
160.865910971523391
 20
115.9070037711555301
 30
0.0
 10
160.8862937695289759
 20
116.1608375489848441
 30
0.0
 10
160.9083071913749734
 20
116.4614158769069263
 30
0.0
 10
160.9572259065883486
 20
117.2028061830293666
 30
0.0
 10
159.357040377831396
 20
117.2028061830293666
 30
0.0
 10
159.357040377831396
 20
115.1851809511184399
 30
0.0
 10
159.357040377831396
 20
115.1851809511184399
 30
0.0
  0
LWPOLYLINE
  5
7A
100
AcDbEntity
  8
0
 62
7
420
0
370
-1
 48
1.0
  6
CONTINUOUS
100
AcDbPolyline
 90
162
 70
0
 10
155.3565765559420697
 20
121.5859230661461936
 30
0.0
 10
156.1914559622500462
 20
121.203270004921734
 30
0.0
 10
155.878376184884587
 20
120.9249768694857323
 30
0.0
 10
155.878376184884587
 20
118.768205069856819
 30
0.0
 10
156.0436127340497023
 20
118.9867086644764811
 30
0.0
 10
156.1914559622500747
 20
119.1899931032519788
 30
0.0
 10
156.3219058694856756
 20
119.3780583861833264
 30
0.0
 10
156.4349624557565619
 20
119.5509045132705239
 30
0.0
 10
156.5306257210626768
 20
119.7085314845135713
 30
0.0
 10
156.6088956654040487
 20
119.8509392999124543
 30
0.0
 10
156.641508142212956
 20
119.9164360241703235
 30
0.0
 10
156.6697722887806776
 20
119.978127959467173
 30
0.0
 10
156.6936881051072135
 20
120.0360151058029743
 30
0.0
 10
156.7132555911925635
 20
120.0900974631777274
 30
0.0
 10
157.2698418620645384
 20
119.6030844761647529
 30
0.0
 10
157.1997250369254004
 20
119.5824299075191277
 30
0.0
 10
157.1285211292259305
 20
119.5552528435117239
 30
0.0
 10
157.0562301389662139
 20
119.5215532841425272
 30
0.0
 10
156.9828520661461653
 20
119.4813312294115377
 30
0.0
 10
156.9083869107658415
 20
119.4345866793187838
 30
0.0
 10
156.8328346728252143
 20
119.3813196338642371
 30
0.0
 10
156.7561953523242835
 20
119.3215300930478975
 30
0.0
 10
156.6784689492630491
 20
119.2552180568697935
 30
0.0
 10
156.5110582349773551
 20
119.0899815077046782
 30
0.0
 10
156.3219058694856756
 20
118.9073516375748056
 30
0.0
 10
156.1110118527880957
 20
118.7073284464801901
 30
0.0
 10
155.878376184884587
 20
118.4899119344208032
 30
0.0
 10
155.8762020197639799
 20
118.2681470921202447
 30
0.0
 10
155.8696795244022155
 20
118.0376855893373147
 30
0.0
 10
155.8588086987992369
 20
117.7985274260720132
 30
0.0
 10
155.8435895429550726
 20
117.550672602324326
 30
0.0
 10
155.8240220568697225
 20
117.2941211180942815
 30
0.0
 10
155.8001062405431867
 20
117.0288729733818514
 30
0.0
 10
155.7718420939754935
 20
116.7549281681870497
 30
0.0
 10
155.7392296171665862
 20
116.4722867025098765
 30
0.0
 10
155.9395245789012563
 20
116.3782540610442027
 30
0.0
 10
156.1229697609513494
 20
116.2874826672594111
 30
0.0
 10
156.289565163316837
 20
116.1999725211555159
 30
0.0
 10
156.4393107859977476
 20
116.1157236227325029
 30
0.0
 10
156.5722066289940244
 20
116.0347359719903864
 30
0.0
 10
156.6882526923057242
 20
115.957009568929152
 30
0.0
 10
156.7874489759328185
 20
115.8825444135488141
 30
0.0
 10
156.8307284503646315
 20
115.8465348037389759
 30
0.0
 10
156.8697954798753074
 20
115.8113405058493584
 30
0.0
 10
156.939096993094239
 20
115.7417672219903721
 30
0.0
 10
156.9991583045506331
 20
115.6721939381313717
 30
0.0
 10
157.0499794142444898
 20
115.6026206542723855
 30
0.0
 10
157.0915603221758658
 20
115.5330473704133851
 30
0.0
 10
157.1088857004805845
 20
115.4982607284838707
 30
0.0
 10
157.123901028344676
 20
115.4634740865543705
 30
0.0
 10
157.1366063057681401
 20
115.4286874446248703
 30
0.0
 10
157.147001532750977
 20
115.3939008026953701
 30
0.0
 10
157.1550867092931867
 20
115.3591141607658699
 30
0.0
 10
157.1608618353947691
 20
115.3243275188363555
 30
0.0
 10
157.1643269110557242
 20
115.2895408769068553
 30
0.0
 10
157.1654819362760236
 20
115.2547542349773551
 30
0.0
 10
157.16439485371572
 20
115.2191522811276343
 30
0.0
 10
157.1611336060348378
 20
115.1819197034374724
 30
0.0
 10
157.1556981932333485
 20
115.1430565019068695
 30
0.0
 10
157.1480886153112806
 20
115.1025626765358112
 30
0.0
 10
157.1263469641053518
 20
115.0166831542723713
 30
0.0
 10
157.0959086524170516
 20
114.9242811366471244
 30
0.0
 10
157.0774282488920051
 20
114.8794389810348804
 30
0.0
 10
157.0567736802463514
 20
114.8405757795042774
 30
0.0
 10
157.0339449464801191
 20
114.8076915320553013
 30
0.0
 10
157.0089420475932798
 20
114.7807862386879663
 30
0.0
 10
156.9817649835858617
 20
114.7598598994022439
 30
0.0
 10
156.9524137544578366
 20
114.7449125141981625
 30
0.0
 10
156.9208883602092328
 20
114.7359440830757222
 30
0.0
 10
156.8871888008400504
 20
114.7329546060349088
 30
0.0
 10
156.8696595945552588
 20
114.7348570005154187
 30
0.0
 10
156.8518586176303984
 20
114.7405641839569768
 30
0.0
 10
156.8337858700654692
 20
114.750076156359583
 30
0.0
 10
156.8154413518604429
 20
114.7633929177232233
 30
0.0
 10
156.7968250630153761
 20
114.7805144680478975
 30
0.0
 10
156.7779370035302122
 20
114.8014408073336057
 30
0.0
 10
156.739345572639678
 20
114.8547078527881524
 30
0.0
 10
156.6996670591888403
 20
114.9231940540868493
 30
0.0
 10
156.658901463177699
 20
115.0068994112297105
 30
0.0
 10
156.6170487846062827
 20
115.1058239242167218
 30
0.0
 10
156.5741090234745343
 20
115.2199675930478833
 30
0.0
 10
156.5462525328669301
 20
115.2771753127834984
 30
0.0
 10
156.5148630239383749
 20
115.3357418857195
 30
0.0
 10
156.4799404966888403
 20
115.3956673118558598
 30
0.0
 10
156.4414849511183263
 20
115.4569515911926061
 30
0.0
 10
156.3994963872268613
 20
115.5195947237297105
 30
0.0
 10
156.3539748050144169
 20
115.5835967094671872
 30
0.0
 10
156.2523325856266752
 20
115.7156772405432577
 30
0.0
 10
156.1365582929550726
 20
115.8531931844208032
 30
0.0
 10
156.0066519269996093
 20
115.996144541099838
 30
0.0
 10
155.8626134877602567
 20
116.1445313105803478
 30
0.0
 10
155.7044429752370718
 20
116.2983534928623328
 30
0.0
 10
155.6753974880791418
 20
116.1903926060928569
 30
0.0
 10
155.644789319740795
 20
116.0839264578437877
 30
0.0
 10
155.612618470222003
 20
115.978955048115111
 30
0.0
 10
155.5788849395227942
 20
115.8754783769068553
 30
0.0
 10
155.5435887276431401
 20
115.7734964442190204
 30
0.0
 10
155.5067298345830693
 20
115.6730092500515781
 30
0.0
 10
155.4683082603425817
 20
115.5740167944045425
 30
0.0
 10
155.4283240049216772
 20
115.4765190772779135
 30
0.0
 10
155.3867770683203275
 20
115.3805160986717055
 30
0.0
 10
155.3436674505385611
 20
115.2860078585858901
 30
0.0
 10
155.2989951515763494
 20
115.1929943570204955
 30
0.0
 10
155.2527601714337209
 20
115.1014755939755076
 30
0.0
 10
155.2049625101106756
 20
115.0114515694509265
 30
0.0
 10
155.155602167607185
 20
114.9229222834467521
 30
0.0
 10
155.1046791439233061
 20
114.8358877359629844
 30
0.0
 10
155.0521934390589536
 20
114.7503479269996234
 30
0.0
 10
154.9981450530142126
 20
114.6663028565566691
 30
0.0
 10
154.9425339857890265
 20
114.5837525246341357
 30
0.0
 10
154.8853602373833951
 20
114.5026969312319949
 30
0.0
 10
154.8266238077973753
 20
114.4231360763502749
 30
0.0
 10
154.7663246970309103
 20
114.3450699599889617
 30
0.0
 10
154.7044629050840285
 20
114.268498582148041
 30
0.0
 10
154.6410384319567015
 20
114.1934219428275412
 30
0.0
 10
154.5760512776489577
 20
114.1198400420274481
 30
0.0
 10
154.5095014421607686
 20
114.0477528797477618
 30
0.0
 10
154.4413889254921912
 20
113.9771604559884963
 30
0.0
 10
154.3717137276431686
 20
113.9080627707496234
 30
0.0
 10
154.3004758486137007
 20
113.8404598240311572
 30
0.0
 10
154.227675288403816
 20
113.7743516158331119
 30
0.0
 10
154.1533120470135145
 20
113.709738146155459
 30
0.0
 10
154.0773861244427962
 20
113.6466194149982272
 30
0.0
 10
153.9998975206916327
 20
113.584995422361402
 30
0.0
 10
153.9303242368326323
 20
113.6893553481499168
 30
0.0
 10
154.0243568782983061
 20
113.8032272463410095
 30
0.0
 10
154.1151282720830977
 20
113.9187297683725433
 30
0.0
 10
154.2026384181869787
 20
114.0358629142445324
 30
0.0
 10
154.2868873166099775
 20
114.1546266839569626
 30
0.0
 10
154.367874967352094
 20
114.2750210775098338
 30
0.0
 10
154.4456013704133284
 20
114.3970460949031605
 30
0.0
 10
154.5200665257936521
 20
114.5207017361369282
 30
0.0
 10
154.5912704334930936
 20
114.645988001211137
 30
0.0
 10
154.6592130935116529
 20
114.7729048901258011
 30
0.0
 10
154.72389450584933
 20
114.9014524028809063
 30
0.0
 10
154.7853146705060965
 20
115.0316305394764527
 30
0.0
 10
154.8434735874819808
 20
115.1634392999124543
 30
0.0
 10
154.8983712567769544
 20
115.2968786841888971
 30
0.0
 10
154.9500076783910743
 20
115.4319486923057809
 30
0.0
 10
154.9983828523242835
 20
115.5686493242631201
 30
0.0
 10
155.0434967785765821
 20
115.7069805800609004
 30
0.0
 10
155.0856212277880957
 20
115.8483013128994799
 30
0.0
 10
155.1250279705988646
 20
115.9939703759792593
 30
0.0
 10
155.1617170070088605
 20
116.1439877693002245
 30
0.0
 10
155.1956883370181401
 20
116.2983534928623754
 30
0.0
 10
155.2269419606266752
 20
116.4570675466657121
 30
0.0
 10
155.2554778778344655
 20
116.6201299307102488
 30
0.0
 10
155.2812960886415397
 20
116.787540644995957
 30
0.0
 10
155.3043965930478407
 20
116.9592996895228652
 30
0.0
 10
155.3247793910533971
 20
117.1354070642909448
 30
0.0
 10
155.3424444826582373
 20
117.3158627693002245
 30
0.0
 10
155.3573918678623045
 20
117.5006668045506899
 30
0.0
 10
155.3696215466656554
 20
117.6898191700423411
 30
0.0
 10
155.3791335190682332
 20
117.883319865775178
 30
0.0
 10
155.3859277850700948
 20
118.0811688917492006
 30
0.0
 10
155.3900043446712118
 20
118.283366247964409
 30
0.0
 10
155.3913631978715841
 20
118.4899119344208032
 30
0.0
 10
155.389189032750977
 20
119.3095721848846154
 30
0.0
 10
155.3826665373892126
 20
120.0987941236601273
 30
0.0
 10
155.3717957117862341
 20
120.8575777507473248
 30
0.0
 10
155.3565765559420697
 20
121.5859230661461936
 30
0.0
 10
155.3565765559420697
 20
121.5859230661461936
 30
0.0
  0
LWPOLYLINE
  5
7B
100
AcDbEntity
  8
0
 62
7
420
0
370
-1
 48
1.0
  6
CONTINUOUS
100
AcDbPolyline
 90
60
 70
0
 10
154.5912704334843966
 20
119.3595779826562051
 30
0.0
 10
154.6314924882153718
 20
119.1427050118769841
 30
0.0
 10
154.6651920475845827
 20
118.9443124446227955
 30
0.0
 10
154.6923691115920008
 20
118.7644002808936676
 30
0.0
 10
154.713023680237626
 20
118.6029685206895863
 30
0.0
 10
154.7271557535214868
 20
118.4600171640105515
 30
0.0
 10
154.7347653314435831
 20
118.3355462108565632
 30
0.0
 10
154.7361241846439555
 20
118.2802408856014722
 30
0.0
 10
154.7358524140038867
 20
118.2295556612276357
 30
0.0
 10
154.7339500195233768
 20
118.1834905377350537
 30
0.0
 10
154.7304170012024258
 20
118.1420455151237405
 30
0.0
 10
154.71927440495935
 20
118.066765047823182
 30
0.0
 10
154.7032399371949793
 20
117.9974635346042504
 30
0.0
 10
154.6823135979092569
 20
117.9341409754669598
 30
0.0
 10
154.6564953871022112
 20
117.8767973704113103
 30
0.0
 10
154.6257853047738422
 20
117.8254327194372877
 30
0.0
 10
154.5901833509241214
 20
117.7800470225448919
 30
0.0
 10
154.549689525553049
 20
117.7406402797341372
 30
0.0
 10
154.5043038286606532
 20
117.7072124910050093
 30
0.0
 10
154.4567439666476787
 20
117.6789483444372877
 30
0.0
 10
154.4097276459148418
 20
117.6550325281107519
 30
0.0
 10
154.3632548664621424
 20
117.6354650420254018
 30
0.0
 10
154.3173256282895807
 20
117.6202458861812516
 30
0.0
 10
154.2719399313971849
 20
117.6093750605782731
 30
0.0
 10
154.227097775784955
 20
117.6028525652164944
 30
0.0
 10
154.1827991614528344
 20
117.6006784000959016
 30
0.0
 10
154.1390440884009081
 20
117.6028525652164802
 30
0.0
 10
154.0982784923897668
 20
117.6085597486580383
 30
0.0
 10
154.0629483091801148
 20
117.616984638500341
 30
0.0
 10
154.0330535387719806
 20
117.6281272347433742
 30
0.0
 10
154.0085941811652788
 20
117.641987537387152
 30
0.0
 10
153.9895702363600947
 20
117.6585655464316886
 30
0.0
 10
153.9759817043563999
 20
117.6778612618769557
 30
0.0
 10
153.9678285851541659
 20
117.6998746837229817
 30
0.0
 10
153.9651108787534213
 20
117.7246058119697523
 30
0.0
 10
153.9672850438739999
 20
117.7604795364595418
 30
0.0
 10
153.9738075392357928
 20
117.7985274260699242
 30
0.0
 10
153.9846783648387714
 20
117.8387494808008995
 30
0.0
 10
153.9998975206829073
 20
117.8811457006524819
 30
0.0
 10
154.0194650067682574
 20
117.9257160856246429
 30
0.0
 10
154.0433808230947648
 20
117.972460635717411
 30
0.0
 10
154.0716449696624863
 20
118.021379350930772
 30
0.0
 10
154.1042574464713937
 20
118.0724722312647259
 30
0.0
 10
154.1341522168795564
 20
118.1223421437183418
 30
0.0
 10
154.1629599047274439
 20
118.1762886157730748
 30
0.0
 10
154.1906805100149995
 20
118.2343116474289104
 30
0.0
 10
154.21731403274228
 20
118.2964112386858631
 30
0.0
 10
154.2428604729092569
 20
118.3625873895439327
 30
0.0
 10
154.2673198305159303
 20
118.4328401000031192
 30
0.0
 10
154.2906921055623002
 20
118.5071693700634228
 30
0.0
 10
154.3129772980483949
 20
118.5855751997248291
 30
0.0
 10
154.3341754079741861
 20
118.6680575889873523
 30
0.0
 10
154.3542864353396737
 20
118.7546165378509926
 30
0.0
 10
154.3733103801448578
 20
118.8452520463157356
 30
0.0
 10
154.3912472423897668
 20
118.9399641143816098
 30
0.0
 10
154.4080970220743723
 20
119.0387527420485867
 30
0.0
 10
154.4238597191986742
 20
119.1416179293166806
 30
0.0
 10
154.4521238657663957
 20
119.3595779826562051
 30
0.0
 10
154.5912704334843966
 20
119.3595779826562051
 30
0.0
 10
154.5912704334843966
 20
119.3595779826562051
 30
0.0
  0
ENDSEC
  0
SECTION
  2
OBJECTS
  0
DICTIONARY
  5
C
100
AcDbDictionary
280
0
281
1
  3
ACAD_GROUP
350
D
  3
ACAD_LAYOUT
350
1A
  3
ACAD_MLINESTYLE
350
17
  3
ACAD_PLOTSETTINGS
350
19
  3
ACAD_PLOTSTYLENAME
350
E
  3
AcDbVariableDictionary
350
7C
  0
DICTIONARY
  5
D
100
AcDbDictionary
280
0
281
1
  0
ACDBDICTIONARYWDFLT
  5
E
100
AcDbDictionary
281
1
  3
Normal
350
F
100
AcDbDictionaryWithDefault
340
F
  0
ACDBPLACEHOLDER
  5
F
  0
DICTIONARY
  5
17
100
AcDbDictionary
280
0
281
1
  3
Standard
350
18
  0
MLINESTYLE
  5
18
100
AcDbMlineStyle
  2
STANDARD
 70
0
  3

 62
256
 51
90.0
 52
90.0
 71
2
 49
0.5
 62
256
  6
BYLAYER
 49
-0.5
 62
256
  6
BYLAYER
  0
DICTIONARY
  5
19
100
AcDbDictionary
280
0
281
1
  0
DICTIONARY
  5
1A
100
AcDbDictionary
281
1
  3
Layout1
350
1E
  3
Layout2
350
26
  3
Model
350
22
  0
LAYOUT
  5
1E
100
AcDbPlotSettings
  1

  2
none_device
  4

  6

 40
0.0
 41
0.0
 42
0.0
 43
0.0
 44
0.0
 45
0.0
 46
0.0
 47
0.0
 48
0.0
 49
0.0
140
0.0
141
0.0
142
1.0
143
1.0
 70
688
 72
0
 73
0
 74
5
  7

 75
16
147
1.0
148
0.0
149
0.0
100
AcDbLayout
  1
Layout1
 70
1
 71
1
 10
0.0
 20
0.0
 11
420.0
 21
297.0
 12
0.0
 22
0.0
 32
0.0
 14
100000000000000000000.0
 24
100000000000000000000.0
 34
100000000000000000000.0
 15
-100000000000000000000.0
 25
-100000000000000000000.0
 35
-100000000000000000000.0
146
0.0
 13
0.0
 23
0.0
 33
0.0
 16
1.0
 26
0.0
 36
0.0
 17
0.0
 27
1.0
 37
0.0
 76
0
330
1B
  0
LAYOUT
  5
22
100
AcDbPlotSettings
  1

  2
none_device
  4

  6

 40
0.0
 41
0.0
 42
0.0
 43
0.0
 44
0.0
 45
0.0
 46
0.0
 47
0.0
 48
0.0
 49
0.0
140
0.0
141
0.0
142
1.0
143
1.0
 70
1712
 72
0
 73
0
 74
0
  7

 75
0
147
1.0
148
0.0
149
0.0
100
AcDbLayout
  1
Model
 70
1
 71
0
 10
0.0
 20
0.0
 11
12.0
 21
9.0
 12
0.0
 22
0.0
 32
0.0
 14
0.0
 24
0.0
 34
0.0
 15
0.0
 25
0.0
 35
0.0
146
0.0
 13
0.0
 23
0.0
 33
0.0
 16
1.0
 26
0.0
 36
0.0
 17
0.0
 27
1.0
 37
0.0
 76
0
330
1F
  0
LAYOUT
  5
26
100
AcDbPlotSettings
  1

  2
none_device
  4

  6

 40
0.0
 41
0.0
 42
0.0
 43
0.0
 44
0.0
 45
0.0
 46
0.0
 47
0.0
 48
0.0
 49
0.0
140
0.0
141
0.0
142
1.0
143
1.0
 70
688
 72
0
 73
0
 74
5
  7

 75
16
147
1.0
148
0.0
149
0.0
100
AcDbLayout
  1
Layout2
 70
1
 71
2
 10
0.0
 20
0.0
 11
12.0
 21
9.0
 12
0.0
 22
0.0
 32
0.0
 14
0.0
 24
0.0
 34
0.0
 15
0.0
 25
0.0
 35
0.0
146
0.0
 13
0.0
 23
0.0
 33
0.0
 16
1.0
 26
0.0
 36
0.0
 17
0.0
 27
1.0
 37
0.0
 76
0
330
23
  0
DICTIONARY
  5
7C
100
AcDbDictionary
281
1
  3
DIMASSOC
350
7E
  3
HIDETEXT
350
7D
  0
DICTIONARYVAR
  5
7D
100
DictionaryVariables
280
0
  1
2
  0
DICTIONARYVAR
  5
7E
100
DictionaryVariables
280
0
  1
1
  0
ENDSEC
  0
EOF
